2026-07-04 15:42:30 | INFO     | run_workflow:72 | 
[RUN-WORKFLOW-START] Session: 4bf61d07-3992-4b2a-9f7c-64a7c32d9a2e
2026-07-04 15:42:30 | INFO     | run_workflow:73 | [USER-INPUT] i need 34 laptops...
2026-07-04 15:42:30 | INFO     | run_workflow:87 | [SESSION-MODE] NEW
2026-07-04 15:42:30 | INFO     | run_workflow:97 | [LANGGRAPH-START] Thread: 7191caee-81c1-4c6c-b544-9fa6353812d0
2026-07-04 15:42:30 | INFO     | run_workflow:101 | [INITIALIZING-STATE] for new session
2026-07-04 15:42:47 | INFO     | run_workflow:131 | [LANGGRAPH-INVOKED-NEW] Result step: await_supplier_replies
2026-07-04 15:42:47 | INFO     | run_workflow:151 | [LANGGRAPH-COMPLETE] Elapsed: 16685.74ms
2026-07-04 15:42:47 | INFO     | run_workflow:158 | [RESULT] Step: await_supplier_replies | RFQ: ba87098c-8b6f-44a5-834f-afc0ac5f3479 | Suppliers: 1
2026-07-04 15:42:47 | INFO     | run_workflow:161 | [UPDATING-STEPS] for session
2026-07-04 15:42:47 | INFO     | run_workflow:165 | [EMITTING-EVENT] for step: await_supplier_replies
2026-07-04 15:42:47 | INFO     | run_workflow:180 | [SESSION-STATUS] waiting
2026-07-04 15:42:47 | INFO     | run_workflow:187 | [RUN-WORKFLOW-END] Success | Step: await_supplier_replies | Total time: 16685.74ms
2026-07-04 17:00:12 | INFO     | run_workflow:72 | 
[RUN-WORKFLOW-START] Session: 4b4ed87e-caa4-49f8-af76-7f1d578ce703
2026-07-04 17:00:12 | INFO     | run_workflow:73 | [USER-INPUT] i need 26 laptops...
2026-07-04 17:00:12 | INFO     | run_workflow:87 | [SESSION-MODE] NEW
2026-07-04 17:00:12 | INFO     | run_workflow:97 | [LANGGRAPH-START] Thread: d0339f76-f449-4b7c-af84-3285d98aeea8
2026-07-04 17:00:12 | INFO     | run_workflow:101 | [INITIALIZING-STATE] for new session
2026-07-04 17:00:29 | INFO     | run_workflow:131 | [LANGGRAPH-INVOKED-NEW] Result step: await_supplier_replies
2026-07-04 17:00:29 | INFO     | run_workflow:151 | [LANGGRAPH-COMPLETE] Elapsed: 16436.65ms
2026-07-04 17:00:29 | INFO     | run_workflow:158 | [RESULT] Step: await_supplier_replies | RFQ: b4a01c07-9a3e-42b2-b691-433af329d476 | Suppliers: 1
2026-07-04 17:00:29 | INFO     | run_workflow:161 | [UPDATING-STEPS] for session
2026-07-04 17:00:29 | INFO     | run_workflow:165 | [EMITTING-EVENT] for step: await_supplier_replies
2026-07-04 17:00:29 | INFO     | run_workflow:180 | [SESSION-STATUS] waiting
2026-07-04 17:00:29 | INFO     | run_workflow:187 | [RUN-WORKFLOW-END] Success | Step: await_supplier_replies | Total time: 16436.65ms
2026-07-04 20:59:26 | INFO     | run_workflow:72 | 
[RUN-WORKFLOW-START] Session: 5854091e-20e1-464b-b75d-d9b22f5cfa8e
2026-07-04 20:59:26 | INFO     | run_workflow:73 | [USER-INPUT] buy 90 laptops...
2026-07-04 20:59:26 | INFO     | run_workflow:87 | [SESSION-MODE] NEW
2026-07-04 20:59:26 | INFO     | run_workflow:97 | [LANGGRAPH-START] Thread: 0bace2e4-f802-41b9-ad39-ffc79fe6057e
2026-07-04 20:59:26 | INFO     | run_workflow:101 | [INITIALIZING-STATE] for new session
2026-07-04 20:59:46 | INFO     | run_workflow:131 | [LANGGRAPH-INVOKED-NEW] Result step: await_supplier_replies
2026-07-04 20:59:46 | INFO     | run_workflow:151 | [LANGGRAPH-COMPLETE] Elapsed: 20122.18ms
2026-07-04 20:59:46 | INFO     | run_workflow:158 | [RESULT] Step: await_supplier_replies | RFQ: 4525142a-73fe-4c3a-ade9-82a77d92029c | Suppliers: 1
2026-07-04 20:59:46 | INFO     | run_workflow:161 | [UPDATING-STEPS] for session
2026-07-04 20:59:46 | INFO     | run_workflow:165 | [EMITTING-EVENT] for step: await_supplier_replies
2026-07-04 20:59:46 | INFO     | run_workflow:180 | [SESSION-STATUS] waiting
2026-07-04 20:59:46 | INFO     | run_workflow:187 | [RUN-WORKFLOW-END] Success | Step: await_supplier_replies | Total time: 20122.18ms
2026-07-04 21:15:59 | INFO     | run_workflow:72 | 
[RUN-WORKFLOW-START] Session: 6adb0921-e84b-4112-8b0f-cfa60420e011
2026-07-04 21:15:59 | INFO     | run_workflow:73 | [USER-INPUT] i want 56 laptops...
2026-07-04 21:15:59 | INFO     | run_workflow:87 | [SESSION-MODE] NEW
2026-07-04 21:15:59 | INFO     | run_workflow:97 | [LANGGRAPH-START] Thread: 91c7cccb-74f2-4c48-8771-b15ae46cf48c
2026-07-04 21:15:59 | INFO     | run_workflow:101 | [INITIALIZING-STATE] for new session
2026-07-04 21:16:12 | INFO     | run_workflow:131 | [LANGGRAPH-INVOKED-NEW] Result step: await_supplier_replies
2026-07-04 21:16:12 | INFO     | run_workflow:151 | [LANGGRAPH-COMPLETE] Elapsed: 12827.61ms
2026-07-04 21:16:12 | INFO     | run_workflow:158 | [RESULT] Step: await_supplier_replies | RFQ: f3af60a2-198e-40f0-9710-1664790197e9 | Suppliers: 1
2026-07-04 21:16:12 | INFO     | run_workflow:161 | [UPDATING-STEPS] for session
2026-07-04 21:16:12 | INFO     | run_workflow:165 | [EMITTING-EVENT] for step: await_supplier_replies
2026-07-04 21:16:12 | INFO     | run_workflow:180 | [SESSION-STATUS] waiting
2026-07-04 21:16:12 | INFO     | run_workflow:187 | [RUN-WORKFLOW-END] Success | Step: await_supplier_replies | Total time: 12827.61ms
2026-07-04 21:18:25 | INFO     | run_workflow:72 | 
[RUN-WORKFLOW-START] Session: 4e5ece7d-892f-45e8-99f5-c052d12bb3a5
2026-07-04 21:18:25 | INFO     | run_workflow:73 | [USER-INPUT] purchase 34 laptops...
2026-07-04 21:18:25 | INFO     | run_workflow:87 | [SESSION-MODE] NEW
2026-07-04 21:18:25 | INFO     | run_workflow:97 | [LANGGRAPH-START] Thread: bbb0abf5-3331-491d-abfd-bad308ee8843
2026-07-04 21:18:25 | INFO     | run_workflow:101 | [INITIALIZING-STATE] for new session
2026-07-04 21:18:46 | INFO     | run_workflow:131 | [LANGGRAPH-INVOKED-NEW] Result step: await_supplier_replies
2026-07-04 21:18:46 | INFO     | run_workflow:151 | [LANGGRAPH-COMPLETE] Elapsed: 20617.73ms
2026-07-04 21:18:46 | INFO     | run_workflow:158 | [RESULT] Step: await_supplier_replies | RFQ: f92a8e98-602d-4845-bac1-e8d27f6b9ffe | Suppliers: 1
2026-07-04 21:18:46 | INFO     | run_workflow:161 | [UPDATING-STEPS] for session
2026-07-04 21:18:46 | INFO     | run_workflow:165 | [EMITTING-EVENT] for step: await_supplier_replies
2026-07-04 21:18:46 | INFO     | run_workflow:180 | [SESSION-STATUS] waiting
2026-07-04 21:18:46 | INFO     | run_workflow:187 | [RUN-WORKFLOW-END] Success | Step: await_supplier_replies | Total time: 20617.73ms
2026-07-04 21:30:43 | INFO     | run_workflow:72 | 
[RUN-WORKFLOW-START] Session: 8bc27175-c821-44ee-9bb2-07b05c618b31
2026-07-04 21:30:43 | INFO     | run_workflow:73 | [USER-INPUT] buy 9 laptops...
2026-07-04 21:30:43 | INFO     | run_workflow:87 | [SESSION-MODE] NEW
2026-07-04 21:30:43 | INFO     | run_workflow:97 | [LANGGRAPH-START] Thread: eb6ba60a-7d03-4d90-95a9-66e1460024b3
2026-07-04 21:30:43 | INFO     | run_workflow:101 | [INITIALIZING-STATE] for new session
2026-07-04 21:31:05 | INFO     | run_workflow:131 | [LANGGRAPH-INVOKED-NEW] Result step: await_supplier_replies
2026-07-04 21:31:05 | INFO     | run_workflow:151 | [LANGGRAPH-COMPLETE] Elapsed: 21731.93ms
2026-07-04 21:31:05 | INFO     | run_workflow:158 | [RESULT] Step: await_supplier_replies | RFQ: f68027c6-799d-4a25-be2e-de71214e3f51 | Suppliers: 1
2026-07-04 21:31:05 | INFO     | run_workflow:161 | [UPDATING-STEPS] for session
2026-07-04 21:31:05 | INFO     | run_workflow:165 | [EMITTING-EVENT] for step: await_supplier_replies
2026-07-04 21:31:05 | INFO     | run_workflow:180 | [SESSION-STATUS] waiting
2026-07-04 21:31:05 | INFO     | run_workflow:187 | [RUN-WORKFLOW-END] Success | Step: await_supplier_replies | Total time: 21731.93ms
2026-07-05 12:39:56 | INFO     | run_workflow:72 | 
[RUN-WORKFLOW-START] Session: 2db3ade5-9184-4964-bfbb-25737624f0cd
2026-07-05 12:39:56 | INFO     | run_workflow:73 | [USER-INPUT] i want 67 laptops...
2026-07-05 12:39:56 | INFO     | run_workflow:87 | [SESSION-MODE] NEW
2026-07-05 12:39:56 | INFO     | run_workflow:98 | [LANGGRAPH-START] Thread: c981608f-3113-48d1-a161-9a405b34eb5a
2026-07-05 12:39:56 | INFO     | run_workflow:102 | [INITIALIZING-STATE] for new session
2026-07-05 12:40:23 | INFO     | run_workflow:132 | [LANGGRAPH-INVOKED-NEW] Result step: await_supplier_replies
2026-07-05 12:40:23 | INFO     | run_workflow:159 | [LANGGRAPH-COMPLETE] Elapsed: 27148.02ms
2026-07-05 12:40:23 | INFO     | run_workflow:166 | [RESULT] Step: await_supplier_replies | RFQ: 40663f3f-b84b-4c8b-9861-7c7ac0e3d4d6 | Suppliers: 1
2026-07-05 12:40:23 | INFO     | run_workflow:169 | [UPDATING-STEPS] for session
2026-07-05 12:40:23 | INFO     | run_workflow:173 | [EMITTING-EVENT] for step: await_supplier_replies
2026-07-05 12:40:23 | INFO     | run_workflow:188 | [SESSION-STATUS] waiting
2026-07-05 12:40:23 | INFO     | run_workflow:195 | [RUN-WORKFLOW-END] Success | Step: await_supplier_replies | Total time: 27148.02ms
2026-07-05 13:40:10 | INFO     | run_workflow:72 | 
[RUN-WORKFLOW-START] Session: fc9f22ec-42ce-4a8d-9788-a400fd744246
2026-07-05 13:40:10 | INFO     | run_workflow:73 | [USER-INPUT] purchase 9  laptops...
2026-07-05 13:40:10 | INFO     | run_workflow:87 | [SESSION-MODE] NEW
2026-07-05 13:40:10 | INFO     | run_workflow:98 | [LANGGRAPH-START] Thread: 44c9b672-e055-4fac-8cf9-d9436dc97973
2026-07-05 13:40:10 | INFO     | run_workflow:102 | [INITIALIZING-STATE] for new session
2026-07-05 13:40:33 | INFO     | run_workflow:132 | [LANGGRAPH-INVOKED-NEW] Result step: await_supplier_replies
2026-07-05 13:40:33 | INFO     | run_workflow:159 | [LANGGRAPH-COMPLETE] Elapsed: 23570.08ms
2026-07-05 13:40:33 | INFO     | run_workflow:166 | [RESULT] Step: await_supplier_replies | RFQ: bf5ec4ca-02f1-4d0e-88af-e20419238925 | Suppliers: 1
2026-07-05 13:40:33 | INFO     | run_workflow:169 | [UPDATING-STEPS] for session
2026-07-05 13:40:33 | INFO     | run_workflow:173 | [EMITTING-EVENT] for step: await_supplier_replies
2026-07-05 13:40:33 | INFO     | run_workflow:188 | [SESSION-STATUS] waiting
2026-07-05 13:40:33 | INFO     | run_workflow:195 | [RUN-WORKFLOW-END] Success | Step: await_supplier_replies | Total time: 23570.08ms
2026-07-05 19:06:14 | INFO     | run_workflow:72 | 
[RUN-WORKFLOW-START] Session: fc9f22ec-42ce-4a8d-9788-a400fd744246
2026-07-05 19:06:14 | INFO     | run_workflow:73 | [USER-INPUT] anything...
2026-07-05 19:06:14 | INFO     | run_workflow:87 | [SESSION-MODE] RESUME
2026-07-05 19:06:14 | INFO     | run_workflow:98 | [LANGGRAPH-START] Thread: 44c9b672-e055-4fac-8cf9-d9436dc97973
2026-07-05 19:06:14 | INFO     | run_workflow:135 | [RESUMING-WORKFLOW] with input: anything...
2026-07-05 19:06:14 | INFO     | run_workflow:140 | [CURRENT-STATE-STEP] send_po_email
2026-07-05 19:06:15 | INFO     | run_workflow:156 | [LANGGRAPH-INVOKED-RESUME] Result step: send_po_email
2026-07-05 19:06:15 | INFO     | run_workflow:159 | [LANGGRAPH-COMPLETE] Elapsed: 600.40ms
2026-07-05 19:06:15 | INFO     | run_workflow:166 | [RESULT] Step: send_po_email | RFQ: bf5ec4ca-02f1-4d0e-88af-e20419238925 | Suppliers: 1
2026-07-05 19:06:15 | INFO     | run_workflow:169 | [UPDATING-STEPS] for session
2026-07-05 19:06:15 | INFO     | run_workflow:173 | [EMITTING-EVENT] for step: send_po_email
2026-07-05 19:06:15 | INFO     | run_workflow:188 | [SESSION-STATUS] completed
2026-07-05 19:06:15 | INFO     | run_workflow:195 | [RUN-WORKFLOW-END] Success | Step: send_po_email | Total time: 600.40ms
2026-07-05 19:06:28 | INFO     | run_workflow:72 | 
[RUN-WORKFLOW-START] Session: fc9f22ec-42ce-4a8d-9788-a400fd744246
2026-07-05 19:06:28 | INFO     | run_workflow:73 | [USER-INPUT] buy laptop again...
2026-07-05 19:06:28 | INFO     | run_workflow:87 | [SESSION-MODE] RESUME
2026-07-05 19:06:28 | INFO     | run_workflow:98 | [LANGGRAPH-START] Thread: 44c9b672-e055-4fac-8cf9-d9436dc97973
2026-07-05 19:06:28 | INFO     | run_workflow:135 | [RESUMING-WORKFLOW] with input: buy laptop again...
2026-07-05 19:06:28 | INFO     | run_workflow:140 | [CURRENT-STATE-STEP] send_po_email
2026-07-05 19:06:28 | INFO     | run_workflow:156 | [LANGGRAPH-INVOKED-RESUME] Result step: send_po_email
2026-07-05 19:06:28 | INFO     | run_workflow:159 | [LANGGRAPH-COMPLETE] Elapsed: 53.43ms
2026-07-05 19:06:28 | INFO     | run_workflow:166 | [RESULT] Step: send_po_email | RFQ: bf5ec4ca-02f1-4d0e-88af-e20419238925 | Suppliers: 1
2026-07-05 19:06:28 | INFO     | run_workflow:169 | [UPDATING-STEPS] for session
2026-07-05 19:06:28 | INFO     | run_workflow:173 | [EMITTING-EVENT] for step: send_po_email
2026-07-05 19:06:28 | INFO     | run_workflow:188 | [SESSION-STATUS] completed
2026-07-05 19:06:28 | INFO     | run_workflow:195 | [RUN-WORKFLOW-END] Success | Step: send_po_email | Total time: 53.43ms
2026-07-05 19:08:01 | INFO     | run_workflow:72 | 
[RUN-WORKFLOW-START] Session: fc9f22ec-42ce-4a8d-9788-a400fd744246
2026-07-05 19:08:01 | INFO     | run_workflow:73 | [USER-INPUT] ok...
2026-07-05 19:08:01 | INFO     | run_workflow:87 | [SESSION-MODE] RESUME
2026-07-05 19:08:01 | INFO     | run_workflow:98 | [LANGGRAPH-START] Thread: 44c9b672-e055-4fac-8cf9-d9436dc97973
2026-07-05 19:08:01 | INFO     | run_workflow:135 | [RESUMING-WORKFLOW] with input: ok...
2026-07-05 19:08:01 | INFO     | run_workflow:140 | [CURRENT-STATE-STEP] send_po_email
2026-07-05 19:08:01 | INFO     | run_workflow:156 | [LANGGRAPH-INVOKED-RESUME] Result step: send_po_email
2026-07-05 19:08:01 | INFO     | run_workflow:159 | [LANGGRAPH-COMPLETE] Elapsed: 47.35ms
2026-07-05 19:08:01 | INFO     | run_workflow:166 | [RESULT] Step: send_po_email | RFQ: bf5ec4ca-02f1-4d0e-88af-e20419238925 | Suppliers: 1
2026-07-05 19:08:01 | INFO     | run_workflow:169 | [UPDATING-STEPS] for session
2026-07-05 19:08:01 | INFO     | run_workflow:173 | [EMITTING-EVENT] for step: send_po_email
2026-07-05 19:08:01 | INFO     | run_workflow:188 | [SESSION-STATUS] completed
2026-07-05 19:08:01 | INFO     | run_workflow:195 | [RUN-WORKFLOW-END] Success | Step: send_po_email | Total time: 47.35ms
2026-07-05 19:22:29 | INFO     | run_workflow:124 | 
[RUN-WORKFLOW-START] Session: 268d3c1f-e833-4163-bfeb-edb55b3b22b9
2026-07-05 19:22:29 | INFO     | run_workflow:125 | [USER-INPUT] buy 5 laptops...
2026-07-05 19:22:29 | INFO     | run_workflow:143 | [SESSION-MODE] NEW | Thread: cf825acf-81c8-49b6-9eae-1b05ea71522f
2026-07-05 19:22:32 | INFO     | _run_graph_streaming:238 | [NODE-DONE] 268d3c1f-e833-4163-bfeb-edb55b3b22b9 -> parse_user_request
2026-07-05 19:22:33 | INFO     | _run_graph_streaming:238 | [NODE-DONE] 268d3c1f-e833-4163-bfeb-edb55b3b22b9 -> validate_rfq_data
2026-07-05 19:22:33 | INFO     | _run_graph_streaming:238 | [NODE-DONE] 268d3c1f-e833-4163-bfeb-edb55b3b22b9 -> create_rfq_record
2026-07-05 19:22:38 | INFO     | _run_graph_streaming:238 | [NODE-DONE] 268d3c1f-e833-4163-bfeb-edb55b3b22b9 -> select_vendors
2026-07-05 19:22:44 | INFO     | _run_graph_streaming:238 | [NODE-DONE] 268d3c1f-e833-4163-bfeb-edb55b3b22b9 -> generate_rfq_emails
2026-07-05 19:22:50 | INFO     | _run_graph_streaming:238 | [NODE-DONE] 268d3c1f-e833-4163-bfeb-edb55b3b22b9 -> send_rfq_emails
2026-07-05 19:22:50 | INFO     | _run_graph_streaming:238 | [NODE-DONE] 268d3c1f-e833-4163-bfeb-edb55b3b22b9 -> await_supplier_replies
2026-07-05 19:27:25 | INFO     | run_workflow:124 | 
[RUN-WORKFLOW-START] Session: 3c84974f-122b-43e2-89f6-3b6d9a7d105d
2026-07-05 19:27:25 | INFO     | run_workflow:125 | [USER-INPUT] i want 6 laptops...
2026-07-05 19:27:25 | INFO     | run_workflow:143 | [SESSION-MODE] NEW | Thread: 535f8fa7-ff32-4ac3-bcf1-37e75452494d
2026-07-05 19:27:28 | INFO     | _run_graph_streaming:238 | [NODE-DONE] 3c84974f-122b-43e2-89f6-3b6d9a7d105d -> parse_user_request
2026-07-05 19:27:28 | INFO     | _run_graph_streaming:238 | [NODE-DONE] 3c84974f-122b-43e2-89f6-3b6d9a7d105d -> validate_rfq_data
2026-07-05 19:27:28 | INFO     | _run_graph_streaming:238 | [NODE-DONE] 3c84974f-122b-43e2-89f6-3b6d9a7d105d -> create_rfq_record
2026-07-05 19:27:34 | INFO     | _run_graph_streaming:238 | [NODE-DONE] 3c84974f-122b-43e2-89f6-3b6d9a7d105d -> select_vendors
2026-07-05 19:27:42 | INFO     | _run_graph_streaming:238 | [NODE-DONE] 3c84974f-122b-43e2-89f6-3b6d9a7d105d -> generate_rfq_emails
2026-07-05 19:27:47 | INFO     | _run_graph_streaming:238 | [NODE-DONE] 3c84974f-122b-43e2-89f6-3b6d9a7d105d -> send_rfq_emails
2026-07-05 19:27:47 | INFO     | _run_graph_streaming:238 | [NODE-DONE] 3c84974f-122b-43e2-89f6-3b6d9a7d105d -> await_supplier_replies
2026-07-05 20:27:57 | INFO     | run_workflow:115 | 
[RUN-WORKFLOW-START] Session: 2f78392a-cb63-423a-9952-a67dd1ff60fb
2026-07-05 20:27:57 | INFO     | run_workflow:116 | [USER-INPUT] i want 2 laptops...
2026-07-05 20:27:57 | INFO     | run_workflow:134 | [SESSION-MODE] NEW | Thread: 464ea8d0-d978-4d00-afe5-5c00b4c851bb
2026-07-05 20:28:01 | INFO     | _run_graph_streaming:229 | [NODE-DONE] 2f78392a-cb63-423a-9952-a67dd1ff60fb -> parse_request
2026-07-05 20:28:01 | INFO     | _run_graph_streaming:229 | [NODE-DONE] 2f78392a-cb63-423a-9952-a67dd1ff60fb -> create_rfq_record
2026-07-05 20:28:08 | INFO     | _run_graph_streaming:229 | [NODE-DONE] 2f78392a-cb63-423a-9952-a67dd1ff60fb -> select_vendors
2026-07-05 20:28:18 | INFO     | _run_graph_streaming:229 | [NODE-DONE] 2f78392a-cb63-423a-9952-a67dd1ff60fb -> generate_rfq_emails
2026-07-05 20:28:22 | INFO     | _run_graph_streaming:229 | [NODE-DONE] 2f78392a-cb63-423a-9952-a67dd1ff60fb -> send_rfq_emails
2026-07-05 20:28:22 | INFO     | _run_graph_streaming:229 | [NODE-DONE] 2f78392a-cb63-423a-9952-a67dd1ff60fb -> await_supplier_replies
2026-07-05 20:45:06 | INFO     | run_workflow:115 | 
[RUN-WORKFLOW-START] Session: 8831ba4b-2f8c-4bf7-b577-9eb007707224
2026-07-05 20:45:06 | INFO     | run_workflow:116 | [USER-INPUT] Buy 10 Dell Latitude laptops...
2026-07-05 20:45:06 | INFO     | run_workflow:134 | [SESSION-MODE] NEW | Thread: ede9825d-78d3-4d92-b259-18e6ba174eee
2026-07-05 20:45:09 | INFO     | _run_graph_streaming:229 | [NODE-DONE] 8831ba4b-2f8c-4bf7-b577-9eb007707224 -> parse_request
2026-07-05 20:45:09 | INFO     | _run_graph_streaming:229 | [NODE-DONE] 8831ba4b-2f8c-4bf7-b577-9eb007707224 -> create_rfq_record
2026-07-05 20:45:09 | INFO     | _run_graph_streaming:229 | [NODE-DONE] 8831ba4b-2f8c-4bf7-b577-9eb007707224 -> select_vendors
2026-07-05 20:45:18 | INFO     | _run_graph_streaming:229 | [NODE-DONE] 8831ba4b-2f8c-4bf7-b577-9eb007707224 -> generate_rfq_emails
2026-07-05 20:45:22 | INFO     | _run_graph_streaming:229 | [NODE-DONE] 8831ba4b-2f8c-4bf7-b577-9eb007707224 -> send_rfq_emails
2026-07-05 20:45:22 | INFO     | _run_graph_streaming:229 | [NODE-DONE] 8831ba4b-2f8c-4bf7-b577-9eb007707224 -> await_supplier_replies
2026-07-05 21:04:43 | INFO     | run_workflow:115 | 
[RUN-WORKFLOW-START] Session: 048d6065-01b4-45ed-8245-15595d9514ba
2026-07-05 21:04:43 | INFO     | run_workflow:116 | [USER-INPUT] by 10 nut bolt...
2026-07-05 21:04:43 | INFO     | run_workflow:134 | [SESSION-MODE] NEW | Thread: a0fdca2d-b392-49e3-8aab-584cf78fb129
2026-07-05 21:04:46 | INFO     | _run_graph_streaming:229 | [NODE-DONE] 048d6065-01b4-45ed-8245-15595d9514ba -> parse_request
2026-07-05 21:04:46 | INFO     | _run_graph_streaming:229 | [NODE-DONE] 048d6065-01b4-45ed-8245-15595d9514ba -> create_rfq_record
2026-07-05 21:04:47 | INFO     | _run_graph_streaming:229 | [NODE-DONE] 048d6065-01b4-45ed-8245-15595d9514ba -> select_vendors
2026-07-05 21:05:19 | INFO     | _run_graph_streaming:229 | [NODE-DONE] 048d6065-01b4-45ed-8245-15595d9514ba -> generate_rfq_emails
2026-07-05 21:05:39 | INFO     | _run_graph_streaming:229 | [NODE-DONE] 048d6065-01b4-45ed-8245-15595d9514ba -> send_rfq_emails
2026-07-05 21:05:39 | INFO     | _run_graph_streaming:229 | [NODE-DONE] 048d6065-01b4-45ed-8245-15595d9514ba -> await_supplier_replies
2026-07-05 21:11:03 | INFO     | run_workflow:115 | 
[RUN-WORKFLOW-START] Session: 048d6065-01b4-45ed-8245-15595d9514ba
2026-07-05 21:11:03 | INFO     | run_workflow:116 | [USER-INPUT] ok...
2026-07-05 21:11:03 | INFO     | run_workflow:134 | [SESSION-MODE] RESUME | Thread: a0fdca2d-b392-49e3-8aab-584cf78fb129
2026-07-05 21:11:03 | INFO     | _run_graph_streaming:229 | [NODE-DONE] 048d6065-01b4-45ed-8245-15595d9514ba -> ocr_extract
2026-07-05 21:21:39 | INFO     | run_workflow:115 | 
[RUN-WORKFLOW-START] Session: 689150ca-d04a-43ba-9f75-fbc9f2defec2
2026-07-05 21:21:39 | INFO     | run_workflow:116 | [USER-INPUT] purchase 2 laptops...
2026-07-05 21:21:39 | INFO     | run_workflow:134 | [SESSION-MODE] NEW | Thread: 422f2968-dd0d-4e51-bb72-f9978af0d1eb
2026-07-05 21:21:44 | INFO     | _run_graph_streaming:229 | [NODE-DONE] 689150ca-d04a-43ba-9f75-fbc9f2defec2 -> parse_request
2026-07-05 21:21:44 | INFO     | _run_graph_streaming:229 | [NODE-DONE] 689150ca-d04a-43ba-9f75-fbc9f2defec2 -> create_rfq_record
2026-07-05 21:21:49 | INFO     | _run_graph_streaming:229 | [NODE-DONE] 689150ca-d04a-43ba-9f75-fbc9f2defec2 -> select_vendors
2026-07-05 21:21:56 | INFO     | _run_graph_streaming:229 | [NODE-DONE] 689150ca-d04a-43ba-9f75-fbc9f2defec2 -> generate_rfq_emails
2026-07-05 21:22:00 | INFO     | _run_graph_streaming:229 | [NODE-DONE] 689150ca-d04a-43ba-9f75-fbc9f2defec2 -> send_rfq_emails
2026-07-05 21:22:00 | INFO     | _run_graph_streaming:229 | [NODE-DONE] 689150ca-d04a-43ba-9f75-fbc9f2defec2 -> await_supplier_replies
2026-07-05 21:29:41 | INFO     | _run_graph_streaming:229 | [NODE-DONE] 689150ca-d04a-43ba-9f75-fbc9f2defec2 -> ocr_extract
2026-07-05 21:33:31 | INFO     | _run_graph_streaming:241 | [NODE-DONE] 689150ca-d04a-43ba-9f75-fbc9f2defec2 -> user_decision_gate
2026-07-05 21:33:32 | INFO     | _run_graph_streaming:241 | [NODE-DONE] 689150ca-d04a-43ba-9f75-fbc9f2defec2 -> generate_purchase_order
2026-07-05 21:33:36 | INFO     | _run_graph_streaming:241 | [NODE-DONE] 689150ca-d04a-43ba-9f75-fbc9f2defec2 -> send_po_email
2026-07-05 21:35:34 | INFO     | run_workflow:115 | 
[RUN-WORKFLOW-START] Session: 04736d46-407d-47d0-a442-27fd6bef144e
2026-07-05 21:35:34 | INFO     | run_workflow:116 | [USER-INPUT] Buy 10 Dell Latitude laptops...
2026-07-05 21:35:34 | INFO     | run_workflow:134 | [SESSION-MODE] NEW | Thread: ce37c890-cae8-481a-80ab-549d247a69ef
2026-07-05 21:35:37 | INFO     | _run_graph_streaming:241 | [NODE-DONE] 04736d46-407d-47d0-a442-27fd6bef144e -> parse_request
2026-07-05 21:35:37 | INFO     | _run_graph_streaming:241 | [NODE-DONE] 04736d46-407d-47d0-a442-27fd6bef144e -> create_rfq_record
2026-07-05 21:35:37 | INFO     | _run_graph_streaming:241 | [NODE-DONE] 04736d46-407d-47d0-a442-27fd6bef144e -> select_vendors
2026-07-05 21:35:37 | INFO     | _run_graph_streaming:241 | [NODE-DONE] 04736d46-407d-47d0-a442-27fd6bef144e -> generate_rfq_emails
2026-07-05 21:35:37 | INFO     | _run_graph_streaming:241 | [NODE-DONE] 04736d46-407d-47d0-a442-27fd6bef144e -> send_rfq_emails
2026-07-05 21:35:37 | INFO     | _run_graph_streaming:241 | [NODE-DONE] 04736d46-407d-47d0-a442-27fd6bef144e -> await_supplier_replies
2026-07-05 21:47:33 | INFO     | run_workflow:115 | 
[RUN-WORKFLOW-START] Session: 53db4e27-cc01-4444-b229-6a00c0b9bce4
2026-07-05 21:47:33 | INFO     | run_workflow:116 | [USER-INPUT] buy 5 live unicorns...
2026-07-05 21:47:33 | INFO     | run_workflow:163 | [SESSION-MODE] NEW | Thread: 4f3a6c82-463b-4ca9-8338-49c681920d23
2026-07-05 21:47:37 | INFO     | _run_graph_streaming:258 | [NODE-DONE] 53db4e27-cc01-4444-b229-6a00c0b9bce4 -> parse_request
2026-07-05 21:47:37 | INFO     | _run_graph_streaming:258 | [NODE-DONE] 53db4e27-cc01-4444-b229-6a00c0b9bce4 -> create_rfq_record
2026-07-05 21:47:37 | INFO     | _run_graph_streaming:258 | [NODE-DONE] 53db4e27-cc01-4444-b229-6a00c0b9bce4 -> select_vendors
2026-07-05 21:47:37 | INFO     | run_workflow:115 | 
[RUN-WORKFLOW-START] Session: 53db4e27-cc01-4444-b229-6a00c0b9bce4
2026-07-05 21:47:37 | INFO     | run_workflow:116 | [USER-INPUT] buy 5 laptops...
2026-07-05 21:47:37 | INFO     | run_workflow:163 | [SESSION-MODE] RESTART | Thread: 9d8c4509-79a0-46f2-bb87-4a6fea8746fb
2026-07-05 21:47:40 | INFO     | _run_graph_streaming:258 | [NODE-DONE] 53db4e27-cc01-4444-b229-6a00c0b9bce4 -> parse_request
2026-07-05 21:47:40 | INFO     | _run_graph_streaming:258 | [NODE-DONE] 53db4e27-cc01-4444-b229-6a00c0b9bce4 -> create_rfq_record
2026-07-05 21:47:46 | INFO     | _run_graph_streaming:258 | [NODE-DONE] 53db4e27-cc01-4444-b229-6a00c0b9bce4 -> select_vendors
2026-07-05 21:47:51 | INFO     | _run_graph_streaming:258 | [NODE-DONE] 53db4e27-cc01-4444-b229-6a00c0b9bce4 -> generate_rfq_emails
2026-07-05 21:47:56 | INFO     | _run_graph_streaming:258 | [NODE-DONE] 53db4e27-cc01-4444-b229-6a00c0b9bce4 -> send_rfq_emails
2026-07-05 21:47:56 | INFO     | _run_graph_streaming:258 | [NODE-DONE] 53db4e27-cc01-4444-b229-6a00c0b9bce4 -> await_supplier_replies
2026-07-05 21:54:29 | INFO     | run_workflow:115 | 
[RUN-WORKFLOW-START] Session: ae179df9-8c15-4184-b506-4672ecd8ee6e
2026-07-05 21:54:29 | INFO     | run_workflow:116 | [USER-INPUT] Buy 10 Dell Latitude laptops...
2026-07-05 21:54:29 | INFO     | run_workflow:163 | [SESSION-MODE] NEW | Thread: 39f4b152-242a-40fa-b431-d04a63b222b4
2026-07-05 21:54:32 | INFO     | _run_graph_streaming:258 | [NODE-DONE] ae179df9-8c15-4184-b506-4672ecd8ee6e -> parse_request
2026-07-05 21:54:32 | INFO     | _run_graph_streaming:258 | [NODE-DONE] ae179df9-8c15-4184-b506-4672ecd8ee6e -> create_rfq_record
2026-07-05 21:54:33 | INFO     | _run_graph_streaming:258 | [NODE-DONE] ae179df9-8c15-4184-b506-4672ecd8ee6e -> select_vendors
2026-07-05 21:54:58 | INFO     | run_workflow:115 | 
[RUN-WORKFLOW-START] Session: ae179df9-8c15-4184-b506-4672ecd8ee6e
2026-07-05 21:54:58 | INFO     | run_workflow:116 | [USER-INPUT] buy 6 laptops...
2026-07-05 21:54:58 | INFO     | run_workflow:163 | [SESSION-MODE] RESTART | Thread: cfd5e803-a79d-43f7-bfb8-76b6417c2524
2026-07-05 21:55:06 | INFO     | _run_graph_streaming:258 | [NODE-DONE] ae179df9-8c15-4184-b506-4672ecd8ee6e -> parse_request
2026-07-05 21:55:06 | INFO     | _run_graph_streaming:258 | [NODE-DONE] ae179df9-8c15-4184-b506-4672ecd8ee6e -> create_rfq_record
2026-07-05 21:55:14 | INFO     | _run_graph_streaming:258 | [NODE-DONE] ae179df9-8c15-4184-b506-4672ecd8ee6e -> select_vendors
2026-07-05 21:55:21 | INFO     | _run_graph_streaming:258 | [NODE-DONE] ae179df9-8c15-4184-b506-4672ecd8ee6e -> generate_rfq_emails
2026-07-05 21:55:25 | INFO     | _run_graph_streaming:258 | [NODE-DONE] ae179df9-8c15-4184-b506-4672ecd8ee6e -> send_rfq_emails
2026-07-05 21:55:25 | INFO     | _run_graph_streaming:258 | [NODE-DONE] ae179df9-8c15-4184-b506-4672ecd8ee6e -> await_supplier_replies
2026-07-05 21:56:43 | INFO     | _run_graph_streaming:258 | [NODE-DONE] ae179df9-8c15-4184-b506-4672ecd8ee6e -> ocr_extract
2026-07-05 21:57:15 | INFO     | _run_graph_streaming:258 | [NODE-DONE] ae179df9-8c15-4184-b506-4672ecd8ee6e -> user_decision_gate
2026-07-05 21:57:15 | INFO     | _run_graph_streaming:258 | [NODE-DONE] ae179df9-8c15-4184-b506-4672ecd8ee6e -> negotiate_with_suppliers
2026-07-05 21:57:15 | INFO     | _run_graph_streaming:258 | [NODE-DONE] ae179df9-8c15-4184-b506-4672ecd8ee6e -> await_supplier_replies
2026-07-06 11:04:22 | INFO     | run_workflow:115 | 
[RUN-WORKFLOW-START] Session: b38c2334-0f38-4669-ade8-d5972cf8f44b
2026-07-06 11:04:22 | INFO     | run_workflow:116 | [USER-INPUT] buy 2 laptop...
2026-07-06 11:04:22 | INFO     | run_workflow:163 | [SESSION-MODE] NEW | Thread: 2b8ca1ad-afa3-4caa-9c41-8682cfe41455
2026-07-06 11:04:27 | INFO     | _run_graph_streaming:258 | [NODE-DONE] b38c2334-0f38-4669-ade8-d5972cf8f44b -> parse_request
2026-07-06 11:04:27 | INFO     | _run_graph_streaming:258 | [NODE-DONE] b38c2334-0f38-4669-ade8-d5972cf8f44b -> create_rfq_record
2026-07-06 11:04:32 | INFO     | _run_graph_streaming:258 | [NODE-DONE] b38c2334-0f38-4669-ade8-d5972cf8f44b -> select_vendors
2026-07-06 11:05:41 | INFO     | _run_graph_streaming:258 | [NODE-DONE] b38c2334-0f38-4669-ade8-d5972cf8f44b -> generate_rfq_emails
2026-07-06 11:05:46 | INFO     | _run_graph_streaming:258 | [NODE-DONE] b38c2334-0f38-4669-ade8-d5972cf8f44b -> send_rfq_emails
2026-07-06 11:05:46 | INFO     | _run_graph_streaming:258 | [NODE-DONE] b38c2334-0f38-4669-ade8-d5972cf8f44b -> await_supplier_replies
2026-07-06 11:08:06 | INFO     | _run_graph_streaming:258 | [NODE-DONE] b38c2334-0f38-4669-ade8-d5972cf8f44b -> ocr_extract
2026-07-06 11:09:27 | INFO     | _run_graph_streaming:258 | [NODE-DONE] b38c2334-0f38-4669-ade8-d5972cf8f44b -> user_decision_gate
2026-07-06 11:09:37 | INFO     | _run_graph_streaming:258 | [NODE-DONE] b38c2334-0f38-4669-ade8-d5972cf8f44b -> negotiate_with_suppliers
2026-07-06 11:09:37 | INFO     | _run_graph_streaming:258 | [NODE-DONE] b38c2334-0f38-4669-ade8-d5972cf8f44b -> await_supplier_replies
2026-07-06 11:13:40 | INFO     | _run_graph_streaming:258 | [NODE-DONE] b38c2334-0f38-4669-ade8-d5972cf8f44b -> ocr_extract
2026-07-06 11:14:11 | INFO     | _run_graph_streaming:258 | [NODE-DONE] b38c2334-0f38-4669-ade8-d5972cf8f44b -> user_decision_gate
2026-07-06 11:14:11 | INFO     | _run_graph_streaming:258 | [NODE-DONE] b38c2334-0f38-4669-ade8-d5972cf8f44b -> generate_purchase_order
2026-07-06 11:14:16 | INFO     | _run_graph_streaming:258 | [NODE-DONE] b38c2334-0f38-4669-ade8-d5972cf8f44b -> send_po_email
2026-07-06 12:13:02 | INFO     | run_workflow:115 | 
[RUN-WORKFLOW-START] Session: efd2af42-8d19-4684-a1ba-845703cb34da
2026-07-06 12:13:02 | INFO     | run_workflow:116 | [USER-INPUT] buy 4 laptops...
2026-07-06 12:13:02 | INFO     | run_workflow:163 | [SESSION-MODE] NEW | Thread: a99627f8-e93e-4249-b301-06df7098d5d7
2026-07-06 12:13:06 | INFO     | _run_graph_streaming:258 | [NODE-DONE] efd2af42-8d19-4684-a1ba-845703cb34da -> parse_request
2026-07-06 12:13:07 | INFO     | _run_graph_streaming:258 | [NODE-DONE] efd2af42-8d19-4684-a1ba-845703cb34da -> create_rfq_record
2026-07-06 12:13:13 | INFO     | _run_graph_streaming:258 | [NODE-DONE] efd2af42-8d19-4684-a1ba-845703cb34da -> select_vendors
2026-07-06 12:13:52 | INFO     | _run_graph_streaming:258 | [NODE-DONE] efd2af42-8d19-4684-a1ba-845703cb34da -> generate_rfq_emails
2026-07-06 12:14:13 | INFO     | _run_graph_streaming:258 | [NODE-DONE] efd2af42-8d19-4684-a1ba-845703cb34da -> send_rfq_emails
2026-07-06 12:14:13 | INFO     | _run_graph_streaming:258 | [NODE-DONE] efd2af42-8d19-4684-a1ba-845703cb34da -> await_supplier_replies
2026-07-06 12:17:01 | INFO     | run_workflow:115 | 
[RUN-WORKFLOW-START] Session: e27d59d2-4087-4351-bc0f-00a42336bac8
2026-07-06 12:17:01 | INFO     | run_workflow:116 | [USER-INPUT] buy 9 laptops...
2026-07-06 12:17:01 | INFO     | run_workflow:163 | [SESSION-MODE] NEW | Thread: 4aaf88fa-1bbb-4a2d-87e0-39ebf8837298
2026-07-06 12:17:05 | INFO     | _run_graph_streaming:258 | [NODE-DONE] e27d59d2-4087-4351-bc0f-00a42336bac8 -> parse_request
2026-07-06 12:17:05 | INFO     | _run_graph_streaming:258 | [NODE-DONE] e27d59d2-4087-4351-bc0f-00a42336bac8 -> create_rfq_record
2026-07-06 12:17:13 | INFO     | _run_graph_streaming:258 | [NODE-DONE] e27d59d2-4087-4351-bc0f-00a42336bac8 -> select_vendors
2026-07-06 12:17:21 | INFO     | _run_graph_streaming:258 | [NODE-DONE] e27d59d2-4087-4351-bc0f-00a42336bac8 -> generate_rfq_emails
2026-07-06 12:17:26 | INFO     | _run_graph_streaming:258 | [NODE-DONE] e27d59d2-4087-4351-bc0f-00a42336bac8 -> send_rfq_emails
2026-07-06 12:17:26 | INFO     | _run_graph_streaming:258 | [NODE-DONE] e27d59d2-4087-4351-bc0f-00a42336bac8 -> await_supplier_replies
2026-07-06 12:18:37 | INFO     | _run_graph_streaming:258 | [NODE-DONE] e27d59d2-4087-4351-bc0f-00a42336bac8 -> ocr_extract
2026-07-06 12:19:19 | INFO     | _run_graph_streaming:258 | [NODE-DONE] e27d59d2-4087-4351-bc0f-00a42336bac8 -> user_decision_gate
2026-07-06 12:19:36 | INFO     | _run_graph_streaming:258 | [NODE-DONE] e27d59d2-4087-4351-bc0f-00a42336bac8 -> negotiate_with_suppliers
2026-07-06 12:19:36 | INFO     | _run_graph_streaming:258 | [NODE-DONE] e27d59d2-4087-4351-bc0f-00a42336bac8 -> await_supplier_replies
2026-07-06 12:21:02 | INFO     | _run_graph_streaming:258 | [NODE-DONE] e27d59d2-4087-4351-bc0f-00a42336bac8 -> ocr_extract
2026-07-06 12:21:16 | INFO     | _run_graph_streaming:258 | [NODE-DONE] e27d59d2-4087-4351-bc0f-00a42336bac8 -> user_decision_gate
2026-07-06 12:21:16 | INFO     | _run_graph_streaming:258 | [NODE-DONE] e27d59d2-4087-4351-bc0f-00a42336bac8 -> generate_purchase_order
2026-07-06 12:21:21 | INFO     | _run_graph_streaming:258 | [NODE-DONE] e27d59d2-4087-4351-bc0f-00a42336bac8 -> send_po_email
2026-07-06 12:50:33 | INFO     | run_workflow:134 | 
[RUN-WORKFLOW-START] Session: f6035e48-1a88-4159-b2f2-07463596978e
2026-07-06 12:50:33 | INFO     | run_workflow:135 | [USER-INPUT] i need 2 laptops...
2026-07-06 12:50:33 | INFO     | run_workflow:182 | [SESSION-MODE] NEW | Thread: 357a5bbb-f7e2-48f2-976d-0cbb8a5df387
2026-07-06 12:50:38 | INFO     | _run_graph_streaming:277 | [NODE-DONE] f6035e48-1a88-4159-b2f2-07463596978e -> parse_request
2026-07-06 12:50:38 | INFO     | _run_graph_streaming:277 | [NODE-DONE] f6035e48-1a88-4159-b2f2-07463596978e -> create_rfq_record
2026-07-06 12:50:45 | INFO     | _run_graph_streaming:277 | [NODE-DONE] f6035e48-1a88-4159-b2f2-07463596978e -> select_vendors
2026-07-06 12:50:54 | INFO     | _run_graph_streaming:277 | [NODE-DONE] f6035e48-1a88-4159-b2f2-07463596978e -> generate_rfq_emails
2026-07-06 12:51:00 | INFO     | _run_graph_streaming:277 | [NODE-DONE] f6035e48-1a88-4159-b2f2-07463596978e -> send_rfq_emails
2026-07-06 12:51:00 | INFO     | _run_graph_streaming:277 | [NODE-DONE] f6035e48-1a88-4159-b2f2-07463596978e -> await_supplier_replies
2026-07-06 12:58:04 | INFO     | run_workflow:134 | 
[RUN-WORKFLOW-START] Session: 1479e43e-4b69-4a19-a232-52396d5b0cb8
2026-07-06 12:58:04 | INFO     | run_workflow:135 | [USER-INPUT] buy 1 laptop...
2026-07-06 12:58:04 | INFO     | run_workflow:182 | [SESSION-MODE] NEW | Thread: b236a2f9-05ca-4786-816b-61839ef4eecf
2026-07-06 12:58:07 | INFO     | _run_graph_streaming:277 | [NODE-DONE] 1479e43e-4b69-4a19-a232-52396d5b0cb8 -> parse_request
2026-07-06 12:58:07 | INFO     | _run_graph_streaming:277 | [NODE-DONE] 1479e43e-4b69-4a19-a232-52396d5b0cb8 -> create_rfq_record
2026-07-06 12:58:07 | INFO     | _run_graph_streaming:277 | [NODE-DONE] 1479e43e-4b69-4a19-a232-52396d5b0cb8 -> select_vendors
2026-07-06 12:58:13 | INFO     | _run_graph_streaming:277 | [NODE-DONE] 1479e43e-4b69-4a19-a232-52396d5b0cb8 -> generate_rfq_emails
2026-07-06 12:58:18 | INFO     | _run_graph_streaming:277 | [NODE-DONE] 1479e43e-4b69-4a19-a232-52396d5b0cb8 -> send_rfq_emails
2026-07-06 12:58:18 | INFO     | _run_graph_streaming:277 | [NODE-DONE] 1479e43e-4b69-4a19-a232-52396d5b0cb8 -> await_supplier_replies
2026-07-06 13:11:25 | INFO     | run_workflow:134 | 
[RUN-WORKFLOW-START] Session: 4f110827-868a-46cc-b3cb-50237bcc8222
2026-07-06 13:11:25 | INFO     | run_workflow:135 | [USER-INPUT] buy 9 laptops...
2026-07-06 13:11:25 | INFO     | run_workflow:182 | [SESSION-MODE] NEW | Thread: 9996bd40-55d2-47c1-8b15-d78a1e3d684f
2026-07-06 13:11:29 | INFO     | _run_graph_streaming:277 | [NODE-DONE] 4f110827-868a-46cc-b3cb-50237bcc8222 -> parse_request
2026-07-06 13:11:29 | INFO     | _run_graph_streaming:277 | [NODE-DONE] 4f110827-868a-46cc-b3cb-50237bcc8222 -> create_rfq_record
2026-07-06 13:11:37 | INFO     | _run_graph_streaming:277 | [NODE-DONE] 4f110827-868a-46cc-b3cb-50237bcc8222 -> select_vendors
2026-07-06 13:11:44 | INFO     | _run_graph_streaming:277 | [NODE-DONE] 4f110827-868a-46cc-b3cb-50237bcc8222 -> generate_rfq_emails
2026-07-06 13:11:54 | INFO     | _run_graph_streaming:277 | [NODE-DONE] 4f110827-868a-46cc-b3cb-50237bcc8222 -> send_rfq_emails
2026-07-06 13:11:54 | INFO     | _run_graph_streaming:277 | [NODE-DONE] 4f110827-868a-46cc-b3cb-50237bcc8222 -> await_supplier_replies
2026-07-06 13:13:15 | INFO     | _run_graph_streaming:277 | [NODE-DONE] 4f110827-868a-46cc-b3cb-50237bcc8222 -> ocr_extract
2026-07-06 15:06:32 | INFO     | run_workflow:134 | 
[RUN-WORKFLOW-START] Session: f50d8de1-1037-4461-964c-a756eaeb0645
2026-07-06 15:06:32 | INFO     | run_workflow:135 | [USER-INPUT] buy 4 laptops...
2026-07-06 15:06:32 | INFO     | run_workflow:182 | [SESSION-MODE] NEW | Thread: 6a790b44-4d09-4f8f-8950-a90586658cbc
2026-07-06 15:06:39 | INFO     | _run_graph_streaming:277 | [NODE-DONE] f50d8de1-1037-4461-964c-a756eaeb0645 -> parse_request
2026-07-06 15:06:40 | INFO     | _run_graph_streaming:277 | [NODE-DONE] f50d8de1-1037-4461-964c-a756eaeb0645 -> create_rfq_record
2026-07-06 15:06:47 | INFO     | _run_graph_streaming:277 | [NODE-DONE] f50d8de1-1037-4461-964c-a756eaeb0645 -> select_vendors
2026-07-06 15:06:55 | INFO     | _run_graph_streaming:277 | [NODE-DONE] f50d8de1-1037-4461-964c-a756eaeb0645 -> generate_rfq_emails
2026-07-06 15:07:00 | INFO     | _run_graph_streaming:277 | [NODE-DONE] f50d8de1-1037-4461-964c-a756eaeb0645 -> send_rfq_emails
2026-07-06 15:07:00 | INFO     | _run_graph_streaming:277 | [NODE-DONE] f50d8de1-1037-4461-964c-a756eaeb0645 -> await_supplier_replies
2026-07-06 15:08:57 | INFO     | _run_graph_streaming:277 | [NODE-DONE] f50d8de1-1037-4461-964c-a756eaeb0645 -> ocr_extract
2026-07-06 15:20:53 | INFO     | run_workflow:134 | 
[RUN-WORKFLOW-START] Session: 554ded78-6ac8-461f-b931-ba163467f28a
2026-07-06 15:20:53 | INFO     | run_workflow:135 | [USER-INPUT] buy 3 laptops...
2026-07-06 15:20:53 | INFO     | run_workflow:182 | [SESSION-MODE] NEW | Thread: e16eaf6f-44bf-46c5-a01b-79809d230bbe
2026-07-06 15:20:56 | INFO     | _run_graph_streaming:277 | [NODE-DONE] 554ded78-6ac8-461f-b931-ba163467f28a -> parse_request
2026-07-06 15:20:56 | INFO     | _run_graph_streaming:277 | [NODE-DONE] 554ded78-6ac8-461f-b931-ba163467f28a -> create_rfq_record
2026-07-06 15:21:03 | INFO     | _run_graph_streaming:277 | [NODE-DONE] 554ded78-6ac8-461f-b931-ba163467f28a -> select_vendors
2026-07-06 15:21:09 | INFO     | _run_graph_streaming:277 | [NODE-DONE] 554ded78-6ac8-461f-b931-ba163467f28a -> generate_rfq_emails
2026-07-06 15:21:14 | INFO     | _run_graph_streaming:277 | [NODE-DONE] 554ded78-6ac8-461f-b931-ba163467f28a -> send_rfq_emails
2026-07-06 15:21:14 | INFO     | _run_graph_streaming:277 | [NODE-DONE] 554ded78-6ac8-461f-b931-ba163467f28a -> await_supplier_replies
2026-07-06 15:29:38 | INFO     | _run_graph_streaming:277 | [NODE-DONE] 554ded78-6ac8-461f-b931-ba163467f28a -> ocr_extract
2026-07-06 15:35:19 | INFO     | run_workflow:134 | 
[RUN-WORKFLOW-START] Session: abeac9b6-a69f-41a6-b3e8-cef13bbbd009
2026-07-06 15:35:19 | INFO     | run_workflow:135 | [USER-INPUT] purchase 5 laptops...
2026-07-06 15:35:19 | INFO     | run_workflow:182 | [SESSION-MODE] NEW | Thread: abd88da1-dc9a-408a-839c-71a559f63c37
2026-07-06 15:35:21 | INFO     | _run_graph_streaming:277 | [NODE-DONE] abeac9b6-a69f-41a6-b3e8-cef13bbbd009 -> parse_request
2026-07-06 15:35:22 | INFO     | _run_graph_streaming:277 | [NODE-DONE] abeac9b6-a69f-41a6-b3e8-cef13bbbd009 -> create_rfq_record
2026-07-06 15:35:22 | INFO     | _run_graph_streaming:277 | [NODE-DONE] abeac9b6-a69f-41a6-b3e8-cef13bbbd009 -> select_vendors
2026-07-06 15:35:30 | INFO     | _run_graph_streaming:277 | [NODE-DONE] abeac9b6-a69f-41a6-b3e8-cef13bbbd009 -> generate_rfq_emails
2026-07-06 15:35:35 | INFO     | _run_graph_streaming:277 | [NODE-DONE] abeac9b6-a69f-41a6-b3e8-cef13bbbd009 -> send_rfq_emails
2026-07-06 15:35:36 | INFO     | _run_graph_streaming:277 | [NODE-DONE] abeac9b6-a69f-41a6-b3e8-cef13bbbd009 -> await_supplier_replies
2026-07-06 15:36:50 | INFO     | _run_graph_streaming:277 | [NODE-DONE] abeac9b6-a69f-41a6-b3e8-cef13bbbd009 -> ocr_extract
2026-07-06 15:37:28 | INFO     | _run_graph_streaming:277 | [NODE-DONE] abeac9b6-a69f-41a6-b3e8-cef13bbbd009 -> user_decision_gate
2026-07-06 15:37:29 | INFO     | _run_graph_streaming:277 | [NODE-DONE] abeac9b6-a69f-41a6-b3e8-cef13bbbd009 -> generate_purchase_order
2026-07-06 15:37:35 | INFO     | _run_graph_streaming:277 | [NODE-DONE] abeac9b6-a69f-41a6-b3e8-cef13bbbd009 -> send_po_email
2026-07-06 15:38:41 | INFO     | run_workflow:134 | 
[RUN-WORKFLOW-START] Session: 135a9682-11c5-4e6d-b0f5-935c5e9e0cdf
2026-07-06 15:38:41 | INFO     | run_workflow:135 | [USER-INPUT] what is array in python...
2026-07-06 15:38:41 | INFO     | run_workflow:182 | [SESSION-MODE] NEW | Thread: 205a05d9-4a3b-45e0-87ee-15117f91b734
2026-07-06 15:38:44 | INFO     | _run_graph_streaming:277 | [NODE-DONE] 135a9682-11c5-4e6d-b0f5-935c5e9e0cdf -> parse_request
2026-07-06 15:38:53 | INFO     | run_workflow:134 | 
[RUN-WORKFLOW-START] Session: 135a9682-11c5-4e6d-b0f5-935c5e9e0cdf
2026-07-06 15:38:53 | INFO     | run_workflow:135 | [USER-INPUT] hello how are you...
2026-07-06 15:38:53 | INFO     | run_workflow:182 | [SESSION-MODE] RESTART | Thread: 40e1bd82-ff3f-4ac9-be37-4aa044207b58
2026-07-06 15:38:56 | INFO     | _run_graph_streaming:277 | [NODE-DONE] 135a9682-11c5-4e6d-b0f5-935c5e9e0cdf -> parse_request
2026-07-06 15:39:05 | INFO     | run_workflow:134 | 
[RUN-WORKFLOW-START] Session: 135a9682-11c5-4e6d-b0f5-935c5e9e0cdf
2026-07-06 15:39:05 | INFO     | run_workflow:135 | [USER-INPUT] i dont want to purchase...
2026-07-06 15:39:05 | INFO     | run_workflow:182 | [SESSION-MODE] RESTART | Thread: 9a19591b-79dd-4fd1-9fba-dae694ea4e26
2026-07-06 15:39:08 | INFO     | _run_graph_streaming:277 | [NODE-DONE] 135a9682-11c5-4e6d-b0f5-935c5e9e0cdf -> parse_request
2026-07-06 15:39:28 | INFO     | run_workflow:134 | 
[RUN-WORKFLOW-START] Session: 135a9682-11c5-4e6d-b0f5-935c5e9e0cdf
2026-07-06 15:39:28 | INFO     | run_workflow:135 | [USER-INPUT] i want to purchase l...
2026-07-06 15:39:28 | INFO     | run_workflow:182 | [SESSION-MODE] RESTART | Thread: d685c5d1-fd95-4e68-aa2e-0eb5b956e20a
2026-07-06 15:39:32 | INFO     | _run_graph_streaming:277 | [NODE-DONE] 135a9682-11c5-4e6d-b0f5-935c5e9e0cdf -> parse_request
2026-07-06 15:39:42 | INFO     | run_workflow:134 | 
[RUN-WORKFLOW-START] Session: 135a9682-11c5-4e6d-b0f5-935c5e9e0cdf
2026-07-06 15:39:42 | INFO     | run_workflow:135 | [USER-INPUT] i want to purchase nut...
2026-07-06 15:39:42 | INFO     | run_workflow:182 | [SESSION-MODE] RESTART | Thread: 95898f15-19b0-4b56-b8d3-2da66d5e1800
2026-07-06 15:39:45 | INFO     | _run_graph_streaming:277 | [NODE-DONE] 135a9682-11c5-4e6d-b0f5-935c5e9e0cdf -> parse_request
2026-07-06 15:39:45 | INFO     | _run_graph_streaming:277 | [NODE-DONE] 135a9682-11c5-4e6d-b0f5-935c5e9e0cdf -> create_rfq_record
2026-07-06 15:39:45 | INFO     | _run_graph_streaming:277 | [NODE-DONE] 135a9682-11c5-4e6d-b0f5-935c5e9e0cdf -> select_vendors
2026-07-06 15:40:18 | INFO     | _run_graph_streaming:277 | [NODE-DONE] 135a9682-11c5-4e6d-b0f5-935c5e9e0cdf -> generate_rfq_emails
2026-07-06 15:40:39 | INFO     | _run_graph_streaming:277 | [NODE-DONE] 135a9682-11c5-4e6d-b0f5-935c5e9e0cdf -> send_rfq_emails
2026-07-06 15:40:39 | INFO     | _run_graph_streaming:277 | [NODE-DONE] 135a9682-11c5-4e6d-b0f5-935c5e9e0cdf -> await_supplier_replies
2026-07-06 15:42:07 | INFO     | run_workflow:134 | 
[RUN-WORKFLOW-START] Session: 5c32f798-e988-4001-8ded-270e4286c689
2026-07-06 15:42:07 | INFO     | run_workflow:135 | [USER-INPUT] Buy 10 Dell Latitude laptops...
2026-07-06 15:42:08 | INFO     | run_workflow:182 | [SESSION-MODE] NEW | Thread: 73da15d7-d1e3-417e-9118-d4d7314a0ae2
2026-07-06 15:42:11 | INFO     | _run_graph_streaming:277 | [NODE-DONE] 5c32f798-e988-4001-8ded-270e4286c689 -> parse_request
2026-07-06 15:42:11 | INFO     | _run_graph_streaming:277 | [NODE-DONE] 5c32f798-e988-4001-8ded-270e4286c689 -> create_rfq_record
2026-07-06 15:42:11 | INFO     | _run_graph_streaming:277 | [NODE-DONE] 5c32f798-e988-4001-8ded-270e4286c689 -> select_vendors
2026-07-06 15:49:28 | INFO     | run_workflow:133 | 
[RUN-WORKFLOW-START] Session: 5c32f798-e988-4001-8ded-270e4286c689
2026-07-06 15:49:28 | INFO     | run_workflow:134 | [USER-INPUT] Buy 10 Dell Latitude laptops...
2026-07-06 15:49:28 | INFO     | run_workflow:181 | [SESSION-MODE] RESTART | Thread: 69a4d9bd-11b1-4c2a-8937-36e968315388
2026-07-06 15:49:32 | INFO     | _run_graph_streaming:276 | [NODE-DONE] 5c32f798-e988-4001-8ded-270e4286c689 -> parse_request
2026-07-06 15:49:32 | INFO     | _run_graph_streaming:276 | [NODE-DONE] 5c32f798-e988-4001-8ded-270e4286c689 -> create_rfq_record
2026-07-06 15:49:38 | INFO     | _run_graph_streaming:276 | [NODE-DONE] 5c32f798-e988-4001-8ded-270e4286c689 -> select_vendors
2026-07-06 15:50:15 | INFO     | _run_graph_streaming:276 | [NODE-DONE] 5c32f798-e988-4001-8ded-270e4286c689 -> generate_rfq_emails
2026-07-06 15:50:39 | INFO     | _run_graph_streaming:276 | [NODE-DONE] 5c32f798-e988-4001-8ded-270e4286c689 -> send_rfq_emails
2026-07-06 15:50:39 | INFO     | _run_graph_streaming:276 | [NODE-DONE] 5c32f798-e988-4001-8ded-270e4286c689 -> await_supplier_replies
2026-07-06 15:51:12 | INFO     | run_workflow:133 | 
[RUN-WORKFLOW-START] Session: 350480a9-a49a-4412-8c2f-8cfc46def2f6
2026-07-06 15:51:12 | INFO     | run_workflow:134 | [USER-INPUT] buy 3 laptops...
2026-07-06 15:51:12 | INFO     | run_workflow:181 | [SESSION-MODE] NEW | Thread: 9b5aea20-b278-4f04-9a72-a13d87cbe9b3
2026-07-06 15:51:15 | INFO     | _run_graph_streaming:276 | [NODE-DONE] 350480a9-a49a-4412-8c2f-8cfc46def2f6 -> parse_request
2026-07-06 15:51:15 | INFO     | _run_graph_streaming:276 | [NODE-DONE] 350480a9-a49a-4412-8c2f-8cfc46def2f6 -> create_rfq_record
2026-07-06 15:51:15 | INFO     | _run_graph_streaming:276 | [NODE-DONE] 350480a9-a49a-4412-8c2f-8cfc46def2f6 -> select_vendors
2026-07-06 15:51:20 | INFO     | _run_graph_streaming:276 | [NODE-DONE] 350480a9-a49a-4412-8c2f-8cfc46def2f6 -> generate_rfq_emails
2026-07-06 15:51:24 | INFO     | _run_graph_streaming:276 | [NODE-DONE] 350480a9-a49a-4412-8c2f-8cfc46def2f6 -> send_rfq_emails
2026-07-06 15:51:24 | INFO     | _run_graph_streaming:276 | [NODE-DONE] 350480a9-a49a-4412-8c2f-8cfc46def2f6 -> await_supplier_replies
2026-07-06 15:57:34 | INFO     | _run_graph_streaming:276 | [NODE-DONE] 350480a9-a49a-4412-8c2f-8cfc46def2f6 -> ocr_extract
2026-07-06 16:01:35 | INFO     | _run_graph_streaming:276 | [NODE-DONE] 350480a9-a49a-4412-8c2f-8cfc46def2f6 -> user_decision_gate
2026-07-06 16:01:46 | INFO     | _run_graph_streaming:276 | [NODE-DONE] 350480a9-a49a-4412-8c2f-8cfc46def2f6 -> negotiate_with_suppliers
2026-07-06 16:01:46 | INFO     | _run_graph_streaming:276 | [NODE-DONE] 350480a9-a49a-4412-8c2f-8cfc46def2f6 -> await_supplier_replies
2026-07-06 16:02:53 | INFO     | _run_graph_streaming:276 | [NODE-DONE] 350480a9-a49a-4412-8c2f-8cfc46def2f6 -> ocr_extract
2026-07-06 16:03:21 | INFO     | _run_graph_streaming:276 | [NODE-DONE] 350480a9-a49a-4412-8c2f-8cfc46def2f6 -> user_decision_gate
2026-07-06 16:03:33 | INFO     | _run_graph_streaming:276 | [NODE-DONE] 350480a9-a49a-4412-8c2f-8cfc46def2f6 -> negotiate_with_suppliers
2026-07-06 16:03:33 | INFO     | _run_graph_streaming:276 | [NODE-DONE] 350480a9-a49a-4412-8c2f-8cfc46def2f6 -> await_supplier_replies
2026-07-06 16:06:21 | INFO     | _run_graph_streaming:276 | [NODE-DONE] 350480a9-a49a-4412-8c2f-8cfc46def2f6 -> ocr_extract
2026-07-06 16:06:44 | INFO     | _run_graph_streaming:276 | [NODE-DONE] 350480a9-a49a-4412-8c2f-8cfc46def2f6 -> user_decision_gate
2026-07-06 16:17:41 | INFO     | run_workflow:133 | 
[RUN-WORKFLOW-START] Session: b53ec76a-1c47-45dd-a46a-3ff9d3c98fcd
2026-07-06 16:17:41 | INFO     | run_workflow:134 | [USER-INPUT] buy 8 laptops...
2026-07-06 16:17:41 | INFO     | run_workflow:181 | [SESSION-MODE] NEW | Thread: 970154e2-8f60-4b3e-a34f-0f407ad7e6b1
2026-07-06 16:17:45 | INFO     | _run_graph_streaming:276 | [NODE-DONE] b53ec76a-1c47-45dd-a46a-3ff9d3c98fcd -> parse_request
2026-07-06 16:17:45 | INFO     | _run_graph_streaming:276 | [NODE-DONE] b53ec76a-1c47-45dd-a46a-3ff9d3c98fcd -> create_rfq_record
2026-07-06 16:17:52 | INFO     | _run_graph_streaming:276 | [NODE-DONE] b53ec76a-1c47-45dd-a46a-3ff9d3c98fcd -> select_vendors
2026-07-06 16:17:58 | INFO     | _run_graph_streaming:276 | [NODE-DONE] b53ec76a-1c47-45dd-a46a-3ff9d3c98fcd -> generate_rfq_emails
2026-07-06 16:18:03 | INFO     | _run_graph_streaming:276 | [NODE-DONE] b53ec76a-1c47-45dd-a46a-3ff9d3c98fcd -> send_rfq_emails
2026-07-06 16:18:03 | INFO     | _run_graph_streaming:276 | [NODE-DONE] b53ec76a-1c47-45dd-a46a-3ff9d3c98fcd -> await_supplier_replies
2026-07-06 16:19:17 | INFO     | _run_graph_streaming:276 | [NODE-DONE] b53ec76a-1c47-45dd-a46a-3ff9d3c98fcd -> ocr_extract
2026-07-06 16:19:39 | INFO     | _run_graph_streaming:276 | [NODE-DONE] b53ec76a-1c47-45dd-a46a-3ff9d3c98fcd -> user_decision_gate
2026-07-06 16:19:48 | INFO     | _run_graph_streaming:276 | [NODE-DONE] b53ec76a-1c47-45dd-a46a-3ff9d3c98fcd -> negotiate_with_suppliers
2026-07-06 16:19:48 | INFO     | _run_graph_streaming:276 | [NODE-DONE] b53ec76a-1c47-45dd-a46a-3ff9d3c98fcd -> await_supplier_replies
2026-07-06 16:21:36 | INFO     | _run_graph_streaming:276 | [NODE-DONE] b53ec76a-1c47-45dd-a46a-3ff9d3c98fcd -> ocr_extract
2026-07-06 16:22:37 | INFO     | _run_graph_streaming:276 | [NODE-DONE] b53ec76a-1c47-45dd-a46a-3ff9d3c98fcd -> user_decision_gate
2026-07-06 22:52:28 | INFO     | run_workflow:133 | 
[RUN-WORKFLOW-START] Session: bc247623-ee28-4ded-8c12-6fb1ede1108d
2026-07-06 22:52:28 | INFO     | run_workflow:134 | [USER-INPUT] buy 9 laptops...
2026-07-06 22:52:28 | INFO     | run_workflow:181 | [SESSION-MODE] NEW | Thread: 391f0690-49b0-4fa1-8dad-6c27f95bc97c
2026-07-06 22:52:30 | INFO     | _run_graph_streaming:276 | [NODE-DONE] bc247623-ee28-4ded-8c12-6fb1ede1108d -> parse_request
2026-07-06 22:52:31 | INFO     | _run_graph_streaming:276 | [NODE-DONE] bc247623-ee28-4ded-8c12-6fb1ede1108d -> create_rfq_record
2026-07-06 22:52:31 | INFO     | _run_graph_streaming:276 | [NODE-DONE] bc247623-ee28-4ded-8c12-6fb1ede1108d -> select_vendors
2026-07-06 22:52:37 | INFO     | _run_graph_streaming:276 | [NODE-DONE] bc247623-ee28-4ded-8c12-6fb1ede1108d -> generate_rfq_emails
2026-07-06 22:52:42 | INFO     | _run_graph_streaming:276 | [NODE-DONE] bc247623-ee28-4ded-8c12-6fb1ede1108d -> send_rfq_emails
2026-07-06 22:52:42 | INFO     | _run_graph_streaming:276 | [NODE-DONE] bc247623-ee28-4ded-8c12-6fb1ede1108d -> await_supplier_replies
2026-07-06 23:02:53 | INFO     | _run_graph_streaming:276 | [NODE-DONE] bc247623-ee28-4ded-8c12-6fb1ede1108d -> ocr_extract
2026-07-06 23:10:01 | INFO     | _run_graph_streaming:276 | [NODE-DONE] bc247623-ee28-4ded-8c12-6fb1ede1108d -> user_decision_gate
2026-07-06 23:10:01 | INFO     | _run_graph_streaming:276 | [NODE-DONE] bc247623-ee28-4ded-8c12-6fb1ede1108d -> generate_purchase_order
2026-07-06 23:10:06 | INFO     | _run_graph_streaming:276 | [NODE-DONE] bc247623-ee28-4ded-8c12-6fb1ede1108d -> send_po_email
2026-07-06 23:26:20 | INFO     | run_workflow:133 | 
[RUN-WORKFLOW-START] Session: 4f3418be-4e26-49db-85bb-fcb0295663f6
2026-07-06 23:26:20 | INFO     | run_workflow:134 | [USER-INPUT] Buy 10 Dell Latitude laptops...
2026-07-06 23:26:20 | INFO     | run_workflow:181 | [SESSION-MODE] NEW | Thread: 86648e27-9cc4-4b6e-9e87-cea968dc6ce5
2026-07-06 23:26:24 | INFO     | _run_graph_streaming:276 | [NODE-DONE] 4f3418be-4e26-49db-85bb-fcb0295663f6 -> parse_request
2026-07-06 23:26:24 | INFO     | _run_graph_streaming:276 | [NODE-DONE] 4f3418be-4e26-49db-85bb-fcb0295663f6 -> create_rfq_record
2026-07-06 23:26:30 | INFO     | _run_graph_streaming:276 | [NODE-DONE] 4f3418be-4e26-49db-85bb-fcb0295663f6 -> select_vendors
2026-07-06 23:27:01 | INFO     | _run_graph_streaming:276 | [NODE-DONE] 4f3418be-4e26-49db-85bb-fcb0295663f6 -> generate_rfq_emails
2026-07-06 23:27:21 | INFO     | _run_graph_streaming:276 | [NODE-DONE] 4f3418be-4e26-49db-85bb-fcb0295663f6 -> send_rfq_emails
2026-07-06 23:27:21 | INFO     | _run_graph_streaming:276 | [NODE-DONE] 4f3418be-4e26-49db-85bb-fcb0295663f6 -> await_supplier_replies
2026-07-06 23:29:35 | INFO     | run_workflow:133 | 
[RUN-WORKFLOW-START] Session: 5642540d-7974-4e9d-943f-7dbff3191a13
2026-07-06 23:29:35 | INFO     | run_workflow:134 | [USER-INPUT] Buy 10 Dell Latitude laptops...
2026-07-06 23:29:35 | INFO     | run_workflow:181 | [SESSION-MODE] NEW | Thread: 4f988888-7606-43a2-89bf-d75e40412cb6
2026-07-06 23:29:38 | INFO     | _run_graph_streaming:276 | [NODE-DONE] 5642540d-7974-4e9d-943f-7dbff3191a13 -> parse_request
2026-07-06 23:29:38 | INFO     | _run_graph_streaming:276 | [NODE-DONE] 5642540d-7974-4e9d-943f-7dbff3191a13 -> create_rfq_record
2026-07-06 23:29:38 | INFO     | _run_graph_streaming:276 | [NODE-DONE] 5642540d-7974-4e9d-943f-7dbff3191a13 -> select_vendors
2026-07-06 23:30:10 | INFO     | _run_graph_streaming:276 | [NODE-DONE] 5642540d-7974-4e9d-943f-7dbff3191a13 -> generate_rfq_emails
2026-07-06 23:30:29 | INFO     | _run_graph_streaming:276 | [NODE-DONE] 5642540d-7974-4e9d-943f-7dbff3191a13 -> send_rfq_emails
2026-07-06 23:30:29 | INFO     | _run_graph_streaming:276 | [NODE-DONE] 5642540d-7974-4e9d-943f-7dbff3191a13 -> await_supplier_replies
2026-07-06 23:33:54 | INFO     | _run_graph_streaming:276 | [NODE-DONE] 5642540d-7974-4e9d-943f-7dbff3191a13 -> ocr_extract
2026-07-06 23:35:48 | INFO     | _run_graph_streaming:276 | [NODE-DONE] 5642540d-7974-4e9d-943f-7dbff3191a13 -> user_decision_gate
2026-07-06 23:44:33 | INFO     | _run_graph_streaming:276 | [NODE-DONE] 5642540d-7974-4e9d-943f-7dbff3191a13 -> negotiate_with_suppliers
2026-07-06 23:44:33 | INFO     | _run_graph_streaming:276 | [NODE-DONE] 5642540d-7974-4e9d-943f-7dbff3191a13 -> await_supplier_replies
2026-07-06 23:47:43 | INFO     | _run_graph_streaming:276 | [NODE-DONE] 5642540d-7974-4e9d-943f-7dbff3191a13 -> ocr_extract
2026-07-06 23:48:33 | INFO     | _run_graph_streaming:276 | [NODE-DONE] 5642540d-7974-4e9d-943f-7dbff3191a13 -> user_decision_gate
2026-07-06 23:48:33 | INFO     | _run_graph_streaming:276 | [NODE-DONE] 5642540d-7974-4e9d-943f-7dbff3191a13 -> generate_purchase_order
2026-07-06 23:48:38 | INFO     | _run_graph_streaming:276 | [NODE-DONE] 5642540d-7974-4e9d-943f-7dbff3191a13 -> send_po_email
2026-07-07 12:38:41 | INFO     | run_workflow:133 | 
[RUN-WORKFLOW-START] Session: 5b9f0a7a-3a6c-4a35-a699-d638b96c66c5
2026-07-07 12:38:41 | INFO     | run_workflow:134 | [USER-INPUT] Buy 10 Dell Latitude laptops...
2026-07-07 12:38:41 | INFO     | run_workflow:181 | [SESSION-MODE] NEW | Thread: 51f44a7b-67e9-45a3-810a-3d9338aaae5a
2026-07-07 13:09:54 | INFO     | run_workflow:133 | 
[RUN-WORKFLOW-START] Session: 481f9a39-43d3-435c-8138-9e4a76d51705
2026-07-07 13:09:54 | INFO     | run_workflow:134 | [USER-INPUT] Buy 10 Dell Latitude laptops...
2026-07-07 13:09:54 | INFO     | run_workflow:181 | [SESSION-MODE] NEW | Thread: 356def2b-c2ed-4841-b68d-27dd6337ca66
2026-07-07 13:12:39 | INFO     | run_workflow:133 | 
[RUN-WORKFLOW-START] Session: 58840494-b1cb-4cc4-ad29-2eaa4c8d2d99
2026-07-07 13:12:39 | INFO     | run_workflow:134 | [USER-INPUT] Buy 10 Dell Latitude laptops...
2026-07-07 13:12:39 | INFO     | run_workflow:181 | [SESSION-MODE] NEW | Thread: cbb290b0-69fd-41e2-b061-0a9cc3b7bb13
2026-07-07 13:12:43 | INFO     | _run_graph_streaming:276 | [NODE-DONE] 58840494-b1cb-4cc4-ad29-2eaa4c8d2d99 -> parse_request
2026-07-07 13:12:43 | INFO     | _run_graph_streaming:276 | [NODE-DONE] 58840494-b1cb-4cc4-ad29-2eaa4c8d2d99 -> create_rfq_record
2026-07-07 13:12:50 | INFO     | _run_graph_streaming:276 | [NODE-DONE] 58840494-b1cb-4cc4-ad29-2eaa4c8d2d99 -> select_vendors
2026-07-07 13:13:23 | INFO     | _run_graph_streaming:276 | [NODE-DONE] 58840494-b1cb-4cc4-ad29-2eaa4c8d2d99 -> generate_rfq_emails
2026-07-07 13:13:40 | INFO     | _run_graph_streaming:276 | [NODE-DONE] 58840494-b1cb-4cc4-ad29-2eaa4c8d2d99 -> send_rfq_emails
2026-07-07 13:13:40 | INFO     | _run_graph_streaming:276 | [NODE-DONE] 58840494-b1cb-4cc4-ad29-2eaa4c8d2d99 -> await_supplier_replies
2026-07-07 13:21:44 | INFO     | _run_graph_streaming:276 | [NODE-DONE] 58840494-b1cb-4cc4-ad29-2eaa4c8d2d99 -> ocr_extract
2026-07-07 13:22:09 | INFO     | _run_graph_streaming:276 | [NODE-DONE] 58840494-b1cb-4cc4-ad29-2eaa4c8d2d99 -> user_decision_gate
2026-07-07 13:22:20 | INFO     | _run_graph_streaming:276 | [NODE-DONE] 58840494-b1cb-4cc4-ad29-2eaa4c8d2d99 -> negotiate_with_suppliers
2026-07-07 13:22:20 | INFO     | _run_graph_streaming:276 | [NODE-DONE] 58840494-b1cb-4cc4-ad29-2eaa4c8d2d99 -> await_supplier_replies
2026-07-07 13:24:10 | INFO     | _run_graph_streaming:276 | [NODE-DONE] 58840494-b1cb-4cc4-ad29-2eaa4c8d2d99 -> ocr_extract
2026-07-07 13:24:27 | INFO     | _run_graph_streaming:276 | [NODE-DONE] 58840494-b1cb-4cc4-ad29-2eaa4c8d2d99 -> user_decision_gate
2026-07-07 13:24:28 | INFO     | _run_graph_streaming:276 | [NODE-DONE] 58840494-b1cb-4cc4-ad29-2eaa4c8d2d99 -> generate_purchase_order
2026-07-07 13:24:33 | INFO     | _run_graph_streaming:276 | [NODE-DONE] 58840494-b1cb-4cc4-ad29-2eaa4c8d2d99 -> send_po_email
2026-07-07 13:29:34 | INFO     | run_workflow:133 | 
[RUN-WORKFLOW-START] Session: 8255a446-f173-4661-8bf0-f4a9298c5286
2026-07-07 13:29:34 | INFO     | run_workflow:134 | [USER-INPUT] Purchase 50 office chairs from ErgoSupply...
2026-07-07 13:29:35 | INFO     | run_workflow:181 | [SESSION-MODE] NEW | Thread: 536d0039-17a1-43d2-bd0c-ccf00857bed0
2026-07-07 13:29:39 | INFO     | _run_graph_streaming:276 | [NODE-DONE] 8255a446-f173-4661-8bf0-f4a9298c5286 -> parse_request
2026-07-07 13:29:39 | INFO     | _run_graph_streaming:276 | [NODE-DONE] 8255a446-f173-4661-8bf0-f4a9298c5286 -> resolve_direct_supplier
2026-07-07 13:29:39 | INFO     | _run_graph_streaming:276 | [NODE-DONE] 8255a446-f173-4661-8bf0-f4a9298c5286 -> create_rfq_record
2026-07-07 13:29:39 | INFO     | _run_graph_streaming:276 | [NODE-DONE] 8255a446-f173-4661-8bf0-f4a9298c5286 -> select_vendors
2026-07-07 13:39:16 | INFO     | run_workflow:132 | 
[RUN-WORKFLOW-START] Session: 8255a446-f173-4661-8bf0-f4a9298c5286
2026-07-07 13:39:16 | INFO     | run_workflow:133 | [USER-INPUT] Purchase 50 office chairs from ErgoSupply...
2026-07-07 13:39:16 | INFO     | run_workflow:180 | [SESSION-MODE] RESTART | Thread: d42b7a3f-fcb4-4bc0-869b-41df1158e90a
2026-07-07 13:39:23 | INFO     | _run_graph_streaming:275 | [NODE-DONE] 8255a446-f173-4661-8bf0-f4a9298c5286 -> parse_request
2026-07-07 13:39:23 | INFO     | _run_graph_streaming:275 | [NODE-DONE] 8255a446-f173-4661-8bf0-f4a9298c5286 -> resolve_direct_supplier
2026-07-07 13:39:23 | INFO     | _run_graph_streaming:275 | [NODE-DONE] 8255a446-f173-4661-8bf0-f4a9298c5286 -> create_rfq_record
2026-07-07 13:39:23 | INFO     | _run_graph_streaming:275 | [NODE-DONE] 8255a446-f173-4661-8bf0-f4a9298c5286 -> select_vendors
2026-07-07 13:39:45 | INFO     | run_workflow:132 | 
[RUN-WORKFLOW-START] Session: 8255a446-f173-4661-8bf0-f4a9298c5286
2026-07-07 13:39:45 | INFO     | run_workflow:133 | [USER-INPUT] I need 100 USB-C cables, find me the best price"...
2026-07-07 13:39:45 | INFO     | run_workflow:180 | [SESSION-MODE] RESTART | Thread: 05539e49-8ca3-433b-bbfd-ed97f41af148
2026-07-07 13:39:49 | INFO     | _run_graph_streaming:275 | [NODE-DONE] 8255a446-f173-4661-8bf0-f4a9298c5286 -> parse_request
2026-07-07 13:39:50 | INFO     | _run_graph_streaming:275 | [NODE-DONE] 8255a446-f173-4661-8bf0-f4a9298c5286 -> create_rfq_record
2026-07-07 13:39:56 | INFO     | _run_graph_streaming:275 | [NODE-DONE] 8255a446-f173-4661-8bf0-f4a9298c5286 -> select_vendors
2026-07-07 13:40:03 | INFO     | _run_graph_streaming:275 | [NODE-DONE] 8255a446-f173-4661-8bf0-f4a9298c5286 -> generate_rfq_emails
2026-07-07 13:40:10 | INFO     | _run_graph_streaming:275 | [NODE-DONE] 8255a446-f173-4661-8bf0-f4a9298c5286 -> send_rfq_emails
2026-07-07 13:40:10 | INFO     | _run_graph_streaming:275 | [NODE-DONE] 8255a446-f173-4661-8bf0-f4a9298c5286 -> await_supplier_replies
2026-07-07 13:42:08 | INFO     | _run_graph_streaming:275 | [NODE-DONE] 8255a446-f173-4661-8bf0-f4a9298c5286 -> ocr_extract
2026-07-07 13:58:27 | INFO     | _run_graph_streaming:275 | [NODE-DONE] 8255a446-f173-4661-8bf0-f4a9298c5286 -> user_decision_gate
2026-07-07 13:58:27 | INFO     | _run_graph_streaming:275 | [NODE-DONE] 8255a446-f173-4661-8bf0-f4a9298c5286 -> generate_purchase_order
2026-07-07 13:58:33 | INFO     | _run_graph_streaming:275 | [NODE-DONE] 8255a446-f173-4661-8bf0-f4a9298c5286 -> send_po_email
2026-07-07 13:59:22 | INFO     | run_workflow:132 | 
[RUN-WORKFLOW-START] Session: 7996ce21-5cc4-44ac-bad0-3a2120341e09
2026-07-07 13:59:22 | INFO     | run_workflow:133 | [USER-INPUT] buy nut from tech alpha supplier...
2026-07-07 13:59:22 | INFO     | run_workflow:180 | [SESSION-MODE] NEW | Thread: ff99d0a0-3f78-4871-b427-3ad2197499d6
2026-07-07 13:59:28 | INFO     | _run_graph_streaming:275 | [NODE-DONE] 7996ce21-5cc4-44ac-bad0-3a2120341e09 -> parse_request
2026-07-07 13:59:28 | INFO     | _run_graph_streaming:275 | [NODE-DONE] 7996ce21-5cc4-44ac-bad0-3a2120341e09 -> resolve_direct_supplier
2026-07-07 13:59:28 | INFO     | _run_graph_streaming:275 | [NODE-DONE] 7996ce21-5cc4-44ac-bad0-3a2120341e09 -> create_rfq_record
2026-07-07 13:59:28 | INFO     | _run_graph_streaming:275 | [NODE-DONE] 7996ce21-5cc4-44ac-bad0-3a2120341e09 -> select_vendors
2026-07-07 14:00:09 | INFO     | _run_graph_streaming:275 | [NODE-DONE] 7996ce21-5cc4-44ac-bad0-3a2120341e09 -> generate_rfq_emails
2026-07-07 14:00:30 | INFO     | _run_graph_streaming:275 | [NODE-DONE] 7996ce21-5cc4-44ac-bad0-3a2120341e09 -> send_rfq_emails
2026-07-07 14:00:30 | INFO     | _run_graph_streaming:275 | [NODE-DONE] 7996ce21-5cc4-44ac-bad0-3a2120341e09 -> await_supplier_replies
2026-07-07 15:31:48 | INFO     | run_workflow:132 | 
[RUN-WORKFLOW-START] Session: e9ae1f7a-61e8-4079-97f4-4d070b7e0dcc
2026-07-07 15:31:48 | INFO     | run_workflow:133 | [USER-INPUT] buy laptops...
2026-07-07 15:31:48 | INFO     | run_workflow:180 | [SESSION-MODE] NEW | Thread: b8805a3a-1125-4e96-b012-033b2bc3b0b8
2026-07-07 15:31:52 | INFO     | _run_graph_streaming:275 | [NODE-DONE] e9ae1f7a-61e8-4079-97f4-4d070b7e0dcc -> parse_request
2026-07-07 15:31:52 | INFO     | _run_graph_streaming:275 | [NODE-DONE] e9ae1f7a-61e8-4079-97f4-4d070b7e0dcc -> create_rfq_record
2026-07-07 15:31:59 | INFO     | _run_graph_streaming:275 | [NODE-DONE] e9ae1f7a-61e8-4079-97f4-4d070b7e0dcc -> select_vendors
2026-07-07 15:32:09 | INFO     | _run_graph_streaming:275 | [NODE-DONE] e9ae1f7a-61e8-4079-97f4-4d070b7e0dcc -> generate_rfq_emails
2026-07-07 15:32:14 | INFO     | _run_graph_streaming:275 | [NODE-DONE] e9ae1f7a-61e8-4079-97f4-4d070b7e0dcc -> send_rfq_emails
2026-07-07 15:32:14 | INFO     | _run_graph_streaming:275 | [NODE-DONE] e9ae1f7a-61e8-4079-97f4-4d070b7e0dcc -> await_supplier_replies
2026-07-07 15:34:41 | INFO     | _run_graph_streaming:275 | [NODE-DONE] e9ae1f7a-61e8-4079-97f4-4d070b7e0dcc -> ocr_extract
2026-07-07 15:47:38 | INFO     | run_workflow:132 | 
[RUN-WORKFLOW-START] Session: 1edc2f3e-6d09-444e-9488-16145d3233db
2026-07-07 15:47:38 | INFO     | run_workflow:133 | [USER-INPUT] buy anything...
2026-07-07 15:47:39 | INFO     | run_workflow:180 | [SESSION-MODE] NEW | Thread: 11b52a40-7d96-45b2-84fc-9812e2c726a0
2026-07-07 15:47:44 | INFO     | _run_graph_streaming:275 | [NODE-DONE] 1edc2f3e-6d09-444e-9488-16145d3233db -> parse_request
2026-07-07 15:53:59 | INFO     | run_workflow:132 | 
[RUN-WORKFLOW-START] Session: 1edc2f3e-6d09-444e-9488-16145d3233db
2026-07-07 15:53:59 | INFO     | run_workflow:133 | [USER-INPUT] buy laptop...
2026-07-07 15:53:59 | INFO     | run_workflow:180 | [SESSION-MODE] RESTART | Thread: b16b72db-133d-4df5-88ca-9dd41c5be6cf
2026-07-07 15:54:03 | INFO     | _run_graph_streaming:275 | [NODE-DONE] 1edc2f3e-6d09-444e-9488-16145d3233db -> parse_request
2026-07-07 15:54:03 | INFO     | _run_graph_streaming:275 | [NODE-DONE] 1edc2f3e-6d09-444e-9488-16145d3233db -> create_rfq_record
2026-07-07 15:54:04 | INFO     | _run_graph_streaming:275 | [NODE-DONE] 1edc2f3e-6d09-444e-9488-16145d3233db -> select_vendors
2026-07-07 15:54:20 | INFO     | run_workflow:132 | 
[RUN-WORKFLOW-START] Session: 1edc2f3e-6d09-444e-9488-16145d3233db
2026-07-07 15:54:20 | INFO     | run_workflow:133 | [USER-INPUT] buy 6 laptops...
2026-07-07 15:54:21 | INFO     | run_workflow:180 | [SESSION-MODE] RESTART | Thread: 5248fbbb-6082-4604-a7f3-66323e32e9c9
2026-07-07 15:54:24 | INFO     | _run_graph_streaming:275 | [NODE-DONE] 1edc2f3e-6d09-444e-9488-16145d3233db -> parse_request
2026-07-07 15:54:24 | INFO     | _run_graph_streaming:275 | [NODE-DONE] 1edc2f3e-6d09-444e-9488-16145d3233db -> create_rfq_record
2026-07-07 15:54:30 | INFO     | _run_graph_streaming:275 | [NODE-DONE] 1edc2f3e-6d09-444e-9488-16145d3233db -> select_vendors
2026-07-07 15:54:36 | INFO     | _run_graph_streaming:275 | [NODE-DONE] 1edc2f3e-6d09-444e-9488-16145d3233db -> generate_rfq_emails
2026-07-07 15:54:41 | INFO     | _run_graph_streaming:275 | [NODE-DONE] 1edc2f3e-6d09-444e-9488-16145d3233db -> send_rfq_emails
2026-07-07 15:54:41 | INFO     | _run_graph_streaming:275 | [NODE-DONE] 1edc2f3e-6d09-444e-9488-16145d3233db -> await_supplier_replies
2026-07-07 15:55:54 | INFO     | _run_graph_streaming:275 | [NODE-DONE] 1edc2f3e-6d09-444e-9488-16145d3233db -> ocr_extract
2026-07-07 16:01:24 | INFO     | run_workflow:132 | 
[RUN-WORKFLOW-START] Session: cbb65b9a-6e81-4831-b6ad-d62fc2b79984
2026-07-07 16:01:24 | INFO     | run_workflow:133 | [USER-INPUT] buy laptop...
2026-07-07 16:01:24 | INFO     | run_workflow:180 | [SESSION-MODE] NEW | Thread: 56ded096-6e02-464c-aafd-679237d4215c
2026-07-07 16:01:29 | INFO     | _run_graph_streaming:275 | [NODE-DONE] cbb65b9a-6e81-4831-b6ad-d62fc2b79984 -> parse_request
2026-07-07 16:01:30 | INFO     | _run_graph_streaming:275 | [NODE-DONE] cbb65b9a-6e81-4831-b6ad-d62fc2b79984 -> create_rfq_record
2026-07-07 16:01:30 | INFO     | _run_graph_streaming:275 | [NODE-DONE] cbb65b9a-6e81-4831-b6ad-d62fc2b79984 -> select_vendors
2026-07-07 16:01:41 | INFO     | run_workflow:132 | 
[RUN-WORKFLOW-START] Session: cbb65b9a-6e81-4831-b6ad-d62fc2b79984
2026-07-07 16:01:41 | INFO     | run_workflow:133 | [USER-INPUT] buy laptops...
2026-07-07 16:01:41 | INFO     | run_workflow:180 | [SESSION-MODE] RESTART | Thread: 17c72bb3-68c2-4ed3-bdb7-c20f8ff683b3
2026-07-07 16:01:44 | INFO     | _run_graph_streaming:275 | [NODE-DONE] cbb65b9a-6e81-4831-b6ad-d62fc2b79984 -> parse_request
2026-07-07 16:01:45 | INFO     | _run_graph_streaming:275 | [NODE-DONE] cbb65b9a-6e81-4831-b6ad-d62fc2b79984 -> create_rfq_record
2026-07-07 16:01:54 | INFO     | _run_graph_streaming:275 | [NODE-DONE] cbb65b9a-6e81-4831-b6ad-d62fc2b79984 -> select_vendors
2026-07-07 16:02:02 | INFO     | _run_graph_streaming:275 | [NODE-DONE] cbb65b9a-6e81-4831-b6ad-d62fc2b79984 -> generate_rfq_emails
2026-07-07 16:02:08 | INFO     | _run_graph_streaming:275 | [NODE-DONE] cbb65b9a-6e81-4831-b6ad-d62fc2b79984 -> send_rfq_emails
2026-07-07 16:02:08 | INFO     | _run_graph_streaming:275 | [NODE-DONE] cbb65b9a-6e81-4831-b6ad-d62fc2b79984 -> await_supplier_replies
2026-07-07 16:03:18 | INFO     | _run_graph_streaming:275 | [NODE-DONE] cbb65b9a-6e81-4831-b6ad-d62fc2b79984 -> ocr_extract
2026-07-07 16:03:32 | INFO     | _run_graph_streaming:275 | [NODE-DONE] cbb65b9a-6e81-4831-b6ad-d62fc2b79984 -> user_decision_gate
2026-07-07 16:03:32 | INFO     | _run_graph_streaming:275 | [NODE-DONE] cbb65b9a-6e81-4831-b6ad-d62fc2b79984 -> generate_purchase_order
2026-07-07 16:03:40 | INFO     | _run_graph_streaming:275 | [NODE-DONE] cbb65b9a-6e81-4831-b6ad-d62fc2b79984 -> send_po_email
2026-07-07 16:11:03 | INFO     | run_workflow:132 | 
[RUN-WORKFLOW-START] Session: b474a1ac-0a06-493f-b74c-22bb1d0ea0ce
2026-07-07 16:11:03 | INFO     | run_workflow:133 | [USER-INPUT] buy laptop...
2026-07-07 16:11:03 | INFO     | run_workflow:180 | [SESSION-MODE] NEW | Thread: 40ef13a2-8e92-41e4-af8d-cf390eb230b8
2026-07-07 16:11:08 | INFO     | _run_graph_streaming:275 | [NODE-DONE] b474a1ac-0a06-493f-b74c-22bb1d0ea0ce -> parse_request
2026-07-07 16:11:08 | INFO     | _run_graph_streaming:275 | [NODE-DONE] b474a1ac-0a06-493f-b74c-22bb1d0ea0ce -> create_rfq_record
2026-07-07 16:11:14 | INFO     | _run_graph_streaming:275 | [NODE-DONE] b474a1ac-0a06-493f-b74c-22bb1d0ea0ce -> select_vendors
2026-07-07 16:11:21 | INFO     | _run_graph_streaming:275 | [NODE-DONE] b474a1ac-0a06-493f-b74c-22bb1d0ea0ce -> generate_rfq_emails
2026-07-07 16:11:26 | INFO     | _run_graph_streaming:275 | [NODE-DONE] b474a1ac-0a06-493f-b74c-22bb1d0ea0ce -> send_rfq_emails
2026-07-07 16:11:26 | INFO     | _run_graph_streaming:275 | [NODE-DONE] b474a1ac-0a06-493f-b74c-22bb1d0ea0ce -> await_supplier_replies
2026-07-07 21:33:56 | INFO     | run_workflow:132 | 
[RUN-WORKFLOW-START] Session: daef462b-0319-4e04-978b-395307d0b681
2026-07-07 21:33:56 | INFO     | run_workflow:133 | [USER-INPUT] Buy 10 Dell Latitude laptops...
2026-07-07 21:33:56 | INFO     | run_workflow:180 | [SESSION-MODE] NEW | Thread: 9f78f0cc-b528-40a9-805a-25fc863aee00
2026-07-07 21:34:00 | INFO     | _run_graph_streaming:275 | [NODE-DONE] daef462b-0319-4e04-978b-395307d0b681 -> parse_request
2026-07-07 21:34:00 | INFO     | _run_graph_streaming:275 | [NODE-DONE] daef462b-0319-4e04-978b-395307d0b681 -> create_rfq_record
2026-07-07 21:34:01 | INFO     | _run_graph_streaming:275 | [NODE-DONE] daef462b-0319-4e04-978b-395307d0b681 -> select_vendors
2026-07-07 21:34:49 | INFO     | _run_graph_streaming:275 | [NODE-DONE] daef462b-0319-4e04-978b-395307d0b681 -> generate_rfq_emails
2026-07-07 21:35:17 | INFO     | _run_graph_streaming:275 | [NODE-DONE] daef462b-0319-4e04-978b-395307d0b681 -> send_rfq_emails
2026-07-07 21:35:17 | INFO     | _run_graph_streaming:275 | [NODE-DONE] daef462b-0319-4e04-978b-395307d0b681 -> await_supplier_replies
2026-07-07 23:00:37 | INFO     | run_workflow:132 | 
[RUN-WORKFLOW-START] Session: 23fbc1be-3cae-4382-bbd6-aef1582b13c4
2026-07-07 23:00:37 | INFO     | run_workflow:133 | [USER-INPUT] Buy 10 Dell Latitude laptops...
2026-07-07 23:00:37 | INFO     | run_workflow:180 | [SESSION-MODE] NEW | Thread: f5512149-96fe-454d-a37f-5eb18d2ab7a6
2026-07-07 23:00:41 | INFO     | _run_graph_streaming:275 | [NODE-DONE] 23fbc1be-3cae-4382-bbd6-aef1582b13c4 -> parse_request
2026-07-07 23:00:42 | INFO     | _run_graph_streaming:275 | [NODE-DONE] 23fbc1be-3cae-4382-bbd6-aef1582b13c4 -> create_rfq_record
2026-07-07 23:00:49 | INFO     | _run_graph_streaming:275 | [NODE-DONE] 23fbc1be-3cae-4382-bbd6-aef1582b13c4 -> select_vendors
2026-07-07 23:01:13 | INFO     | _run_graph_streaming:275 | [NODE-DONE] 23fbc1be-3cae-4382-bbd6-aef1582b13c4 -> generate_rfq_emails
2026-07-07 23:01:28 | INFO     | _run_graph_streaming:275 | [NODE-DONE] 23fbc1be-3cae-4382-bbd6-aef1582b13c4 -> send_rfq_emails
2026-07-07 23:01:28 | INFO     | _run_graph_streaming:275 | [NODE-DONE] 23fbc1be-3cae-4382-bbd6-aef1582b13c4 -> await_supplier_replies
2026-07-07 23:10:49 | INFO     | run_workflow:132 | 
[RUN-WORKFLOW-START] Session: 3b5f3d3b-0b5b-41ec-8cc8-46da97f3659d
2026-07-07 23:10:49 | INFO     | run_workflow:133 | [USER-INPUT] Buy 10 Dell Latitude laptops from alpha components supplier...
2026-07-07 23:10:49 | INFO     | run_workflow:180 | [SESSION-MODE] NEW | Thread: a0404ecc-38d3-4d61-9df4-a45d25317250
2026-07-07 23:10:52 | INFO     | _run_graph_streaming:275 | [NODE-DONE] 3b5f3d3b-0b5b-41ec-8cc8-46da97f3659d -> parse_request
2026-07-07 23:10:53 | INFO     | _run_graph_streaming:275 | [NODE-DONE] 3b5f3d3b-0b5b-41ec-8cc8-46da97f3659d -> resolve_direct_supplier
2026-07-07 23:11:31 | INFO     | run_workflow:132 | 
[RUN-WORKFLOW-START] Session: 3b5f3d3b-0b5b-41ec-8cc8-46da97f3659d
2026-07-07 23:11:31 | INFO     | run_workflow:133 | [USER-INPUT] Buy 10 Dell Latitude laptops from Alpha Components...
2026-07-07 23:11:31 | INFO     | run_workflow:180 | [SESSION-MODE] RESTART | Thread: 2f4a793d-9df8-4d83-b3c6-0bd3c40ba532
2026-07-07 23:11:34 | INFO     | _run_graph_streaming:275 | [NODE-DONE] 3b5f3d3b-0b5b-41ec-8cc8-46da97f3659d -> parse_request
2026-07-07 23:11:34 | INFO     | _run_graph_streaming:275 | [NODE-DONE] 3b5f3d3b-0b5b-41ec-8cc8-46da97f3659d -> resolve_direct_supplier
2026-07-07 23:11:35 | INFO     | _run_graph_streaming:275 | [NODE-DONE] 3b5f3d3b-0b5b-41ec-8cc8-46da97f3659d -> create_rfq_record
2026-07-07 23:11:35 | INFO     | _run_graph_streaming:275 | [NODE-DONE] 3b5f3d3b-0b5b-41ec-8cc8-46da97f3659d -> select_vendors
2026-07-07 23:11:41 | INFO     | _run_graph_streaming:275 | [NODE-DONE] 3b5f3d3b-0b5b-41ec-8cc8-46da97f3659d -> generate_rfq_emails
2026-07-07 23:11:46 | INFO     | _run_graph_streaming:275 | [NODE-DONE] 3b5f3d3b-0b5b-41ec-8cc8-46da97f3659d -> send_rfq_emails
2026-07-07 23:11:47 | INFO     | _run_graph_streaming:275 | [NODE-DONE] 3b5f3d3b-0b5b-41ec-8cc8-46da97f3659d -> await_supplier_replies
2026-07-07 23:12:55 | INFO     | run_workflow:132 | 
[RUN-WORKFLOW-START] Session: fc3d06fb-82f8-407d-9eaa-dbe5e2b1b0bb
2026-07-07 23:12:55 | INFO     | run_workflow:133 | [USER-INPUT] Buy 10 Dell Latitude laptops from Buy 10 Dell Latitude laptops...
2026-07-07 23:12:55 | INFO     | run_workflow:180 | [SESSION-MODE] NEW | Thread: 620d75ea-5edf-4cae-bf95-072d8c954074
2026-07-07 23:12:59 | INFO     | _run_graph_streaming:275 | [NODE-DONE] fc3d06fb-82f8-407d-9eaa-dbe5e2b1b0bb -> parse_request
2026-07-07 23:12:59 | INFO     | _run_graph_streaming:275 | [NODE-DONE] fc3d06fb-82f8-407d-9eaa-dbe5e2b1b0bb -> create_rfq_record
2026-07-07 23:12:59 | INFO     | _run_graph_streaming:275 | [NODE-DONE] fc3d06fb-82f8-407d-9eaa-dbe5e2b1b0bb -> select_vendors
2026-07-07 23:13:23 | INFO     | _run_graph_streaming:275 | [NODE-DONE] fc3d06fb-82f8-407d-9eaa-dbe5e2b1b0bb -> generate_rfq_emails
2026-07-07 23:13:44 | INFO     | _run_graph_streaming:275 | [NODE-DONE] fc3d06fb-82f8-407d-9eaa-dbe5e2b1b0bb -> send_rfq_emails
2026-07-07 23:13:44 | INFO     | _run_graph_streaming:275 | [NODE-DONE] fc3d06fb-82f8-407d-9eaa-dbe5e2b1b0bb -> await_supplier_replies
2026-07-07 23:13:48 | INFO     | _run_graph_streaming:275 | [NODE-DONE] 3b5f3d3b-0b5b-41ec-8cc8-46da97f3659d -> ocr_extract
2026-07-07 23:15:18 | INFO     | _run_graph_streaming:275 | [NODE-DONE] 3b5f3d3b-0b5b-41ec-8cc8-46da97f3659d -> user_decision_gate
2026-07-07 23:15:31 | INFO     | _run_graph_streaming:275 | [NODE-DONE] 3b5f3d3b-0b5b-41ec-8cc8-46da97f3659d -> negotiate_with_suppliers
2026-07-07 23:15:31 | INFO     | _run_graph_streaming:275 | [NODE-DONE] 3b5f3d3b-0b5b-41ec-8cc8-46da97f3659d -> await_supplier_replies
2026-07-07 23:16:32 | INFO     | run_workflow:132 | 
[RUN-WORKFLOW-START] Session: 771aea46-dd24-4964-8d3b-148be30e2e19
2026-07-07 23:16:32 | INFO     | run_workflow:133 | [USER-INPUT] Buy 10 Dell Latitude laptops from TechSupply Corp supplier...
2026-07-07 23:16:32 | INFO     | run_workflow:180 | [SESSION-MODE] NEW | Thread: d75d80c8-0d3f-433a-a981-1007f629c7c7
2026-07-07 23:16:35 | INFO     | _run_graph_streaming:275 | [NODE-DONE] 771aea46-dd24-4964-8d3b-148be30e2e19 -> parse_request
2026-07-07 23:16:35 | INFO     | _run_graph_streaming:275 | [NODE-DONE] 771aea46-dd24-4964-8d3b-148be30e2e19 -> resolve_direct_supplier
2026-07-07 23:16:35 | INFO     | _run_graph_streaming:275 | [NODE-DONE] 771aea46-dd24-4964-8d3b-148be30e2e19 -> create_rfq_record
2026-07-07 23:16:35 | INFO     | _run_graph_streaming:275 | [NODE-DONE] 771aea46-dd24-4964-8d3b-148be30e2e19 -> select_vendors
2026-07-07 23:16:41 | INFO     | _run_graph_streaming:275 | [NODE-DONE] 771aea46-dd24-4964-8d3b-148be30e2e19 -> generate_rfq_emails
2026-07-07 23:16:46 | INFO     | _run_graph_streaming:275 | [NODE-DONE] 771aea46-dd24-4964-8d3b-148be30e2e19 -> send_rfq_emails
2026-07-07 23:16:46 | INFO     | _run_graph_streaming:275 | [NODE-DONE] 771aea46-dd24-4964-8d3b-148be30e2e19 -> await_supplier_replies
2026-07-07 23:19:28 | INFO     | _run_graph_streaming:275 | [NODE-DONE] 771aea46-dd24-4964-8d3b-148be30e2e19 -> ocr_extract
2026-07-08 00:45:55 | INFO     | run_workflow:132 | 
[RUN-WORKFLOW-START] Session: 5642b013-2898-461e-b52e-2607c29de771
2026-07-08 00:45:55 | INFO     | run_workflow:133 | [USER-INPUT] Buy 10 Dell Latitude laptops...
2026-07-08 00:45:55 | INFO     | run_workflow:180 | [SESSION-MODE] NEW | Thread: d3048821-2822-4a30-8672-8171f4f6c6fb
2026-07-08 00:45:59 | INFO     | _run_graph_streaming:275 | [NODE-DONE] 5642b013-2898-461e-b52e-2607c29de771 -> parse_request
2026-07-08 00:45:59 | INFO     | _run_graph_streaming:275 | [NODE-DONE] 5642b013-2898-461e-b52e-2607c29de771 -> create_rfq_record
2026-07-08 00:46:05 | INFO     | _run_graph_streaming:275 | [NODE-DONE] 5642b013-2898-461e-b52e-2607c29de771 -> select_vendors
2026-07-08 00:46:35 | INFO     | _run_graph_streaming:275 | [NODE-DONE] 5642b013-2898-461e-b52e-2607c29de771 -> generate_rfq_emails
2026-07-08 00:46:52 | INFO     | _run_graph_streaming:275 | [NODE-DONE] 5642b013-2898-461e-b52e-2607c29de771 -> send_rfq_emails
2026-07-08 00:46:52 | INFO     | _run_graph_streaming:275 | [NODE-DONE] 5642b013-2898-461e-b52e-2607c29de771 -> await_supplier_replies
2026-07-08 00:48:43 | INFO     | _run_graph_streaming:275 | [NODE-DONE] 5642b013-2898-461e-b52e-2607c29de771 -> ocr_extract
2026-07-08 00:48:58 | INFO     | _run_graph_streaming:275 | [NODE-DONE] 5642b013-2898-461e-b52e-2607c29de771 -> user_decision_gate
2026-07-08 00:49:07 | INFO     | _run_graph_streaming:275 | [NODE-DONE] 5642b013-2898-461e-b52e-2607c29de771 -> negotiate_with_suppliers
2026-07-08 00:49:07 | INFO     | _run_graph_streaming:275 | [NODE-DONE] 5642b013-2898-461e-b52e-2607c29de771 -> await_supplier_replies
2026-07-08 00:51:06 | INFO     | _run_graph_streaming:275 | [NODE-DONE] 5642b013-2898-461e-b52e-2607c29de771 -> ocr_extract
2026-07-08 00:51:09 | INFO     | _run_graph_streaming:275 | [NODE-DONE] 5642b013-2898-461e-b52e-2607c29de771 -> ocr_extract
2026-07-08 00:56:07 | INFO     | run_workflow:132 | 
[RUN-WORKFLOW-START] Session: 0dbb6152-9606-484f-a037-2f40119e2e71
2026-07-08 00:56:07 | INFO     | run_workflow:133 | [USER-INPUT] Buy 10 Dell Latitude laptops...
2026-07-08 00:56:07 | INFO     | run_workflow:180 | [SESSION-MODE] NEW | Thread: 7d16acf2-08f1-4a3f-9c8b-4a3248754b68
2026-07-08 00:56:11 | INFO     | _run_graph_streaming:275 | [NODE-DONE] 0dbb6152-9606-484f-a037-2f40119e2e71 -> parse_request
2026-07-08 00:56:11 | INFO     | _run_graph_streaming:275 | [NODE-DONE] 0dbb6152-9606-484f-a037-2f40119e2e71 -> create_rfq_record
2026-07-08 00:56:17 | INFO     | _run_graph_streaming:275 | [NODE-DONE] 0dbb6152-9606-484f-a037-2f40119e2e71 -> select_vendors
2026-07-08 00:56:56 | INFO     | _run_graph_streaming:275 | [NODE-DONE] 0dbb6152-9606-484f-a037-2f40119e2e71 -> generate_rfq_emails
2026-07-08 00:57:18 | INFO     | _run_graph_streaming:275 | [NODE-DONE] 0dbb6152-9606-484f-a037-2f40119e2e71 -> send_rfq_emails
2026-07-08 00:57:18 | INFO     | _run_graph_streaming:275 | [NODE-DONE] 0dbb6152-9606-484f-a037-2f40119e2e71 -> await_supplier_replies
2026-07-08 00:58:24 | INFO     | _run_graph_streaming:275 | [NODE-DONE] 0dbb6152-9606-484f-a037-2f40119e2e71 -> ocr_extract
2026-07-08 00:58:39 | INFO     | _run_graph_streaming:275 | [NODE-DONE] 0dbb6152-9606-484f-a037-2f40119e2e71 -> user_decision_gate
2026-07-08 00:58:47 | INFO     | _run_graph_streaming:275 | [NODE-DONE] 0dbb6152-9606-484f-a037-2f40119e2e71 -> negotiate_with_suppliers
2026-07-08 00:58:47 | INFO     | _run_graph_streaming:275 | [NODE-DONE] 0dbb6152-9606-484f-a037-2f40119e2e71 -> await_supplier_replies
2026-07-08 00:59:39 | INFO     | _run_graph_streaming:275 | [NODE-DONE] 0dbb6152-9606-484f-a037-2f40119e2e71 -> ocr_extract
2026-07-08 00:59:49 | INFO     | _run_graph_streaming:275 | [NODE-DONE] 0dbb6152-9606-484f-a037-2f40119e2e71 -> user_decision_gate
2026-07-08 00:59:50 | INFO     | _run_graph_streaming:275 | [NODE-DONE] 0dbb6152-9606-484f-a037-2f40119e2e71 -> generate_purchase_order
2026-07-08 00:59:54 | INFO     | _run_graph_streaming:275 | [NODE-DONE] 0dbb6152-9606-484f-a037-2f40119e2e71 -> send_po_email
2026-07-08 01:01:52 | INFO     | run_workflow:132 | 
[RUN-WORKFLOW-START] Session: 49c78c22-13b4-4883-9ad9-8584591daf26
2026-07-08 01:01:52 | INFO     | run_workflow:133 | [USER-INPUT] I need 100 USB-C cables, find me the best price...
2026-07-08 01:01:52 | INFO     | run_workflow:180 | [SESSION-MODE] NEW | Thread: 0e475ea0-2b85-4af5-9daf-96784f373afa
2026-07-08 01:01:54 | INFO     | _run_graph_streaming:275 | [NODE-DONE] 49c78c22-13b4-4883-9ad9-8584591daf26 -> parse_request
2026-07-08 01:01:54 | INFO     | _run_graph_streaming:275 | [NODE-DONE] 49c78c22-13b4-4883-9ad9-8584591daf26 -> create_rfq_record
2026-07-08 01:01:55 | INFO     | _run_graph_streaming:275 | [NODE-DONE] 49c78c22-13b4-4883-9ad9-8584591daf26 -> select_vendors
2026-07-08 01:02:19 | INFO     | _run_graph_streaming:275 | [NODE-DONE] 49c78c22-13b4-4883-9ad9-8584591daf26 -> generate_rfq_emails
2026-07-08 01:02:39 | INFO     | _run_graph_streaming:275 | [NODE-DONE] 49c78c22-13b4-4883-9ad9-8584591daf26 -> send_rfq_emails
2026-07-08 01:02:39 | INFO     | _run_graph_streaming:275 | [NODE-DONE] 49c78c22-13b4-4883-9ad9-8584591daf26 -> await_supplier_replies
2026-07-08 01:04:18 | INFO     | _run_graph_streaming:275 | [NODE-DONE] 49c78c22-13b4-4883-9ad9-8584591daf26 -> ocr_extract
2026-07-08 01:04:29 | INFO     | _run_graph_streaming:275 | [NODE-DONE] 49c78c22-13b4-4883-9ad9-8584591daf26 -> user_decision_gate
2026-07-08 01:04:35 | INFO     | _run_graph_streaming:275 | [NODE-DONE] 49c78c22-13b4-4883-9ad9-8584591daf26 -> negotiate_with_suppliers
2026-07-08 01:04:35 | INFO     | _run_graph_streaming:275 | [NODE-DONE] 49c78c22-13b4-4883-9ad9-8584591daf26 -> await_supplier_replies
2026-07-08 01:06:33 | INFO     | _run_graph_streaming:275 | [NODE-DONE] 49c78c22-13b4-4883-9ad9-8584591daf26 -> ocr_extract
2026-07-08 01:06:59 | INFO     | _run_graph_streaming:275 | [NODE-DONE] 49c78c22-13b4-4883-9ad9-8584591daf26 -> user_decision_gate
2026-07-08 01:06:59 | INFO     | _run_graph_streaming:275 | [NODE-DONE] 49c78c22-13b4-4883-9ad9-8584591daf26 -> generate_purchase_order
2026-07-08 01:07:04 | INFO     | _run_graph_streaming:275 | [NODE-DONE] 49c78c22-13b4-4883-9ad9-8584591daf26 -> send_po_email
2026-07-09 11:56:57 | INFO     | run_workflow:132 | 
[RUN-WORKFLOW-START] Session: cf644a7e-d6fb-4fa9-b916-38f5757c5472
2026-07-09 11:56:57 | INFO     | run_workflow:133 | [USER-INPUT] buy 8 laptops...
2026-07-09 11:56:57 | INFO     | run_workflow:180 | [SESSION-MODE] NEW | Thread: 3be02a60-f5b8-403c-baf3-814baaab1bb9
2026-07-09 11:57:01 | INFO     | _run_graph_streaming:275 | [NODE-DONE] cf644a7e-d6fb-4fa9-b916-38f5757c5472 -> parse_request
2026-07-09 11:57:01 | INFO     | _run_graph_streaming:275 | [NODE-DONE] cf644a7e-d6fb-4fa9-b916-38f5757c5472 -> create_rfq_record
2026-07-09 11:57:10 | INFO     | _run_graph_streaming:275 | [NODE-DONE] cf644a7e-d6fb-4fa9-b916-38f5757c5472 -> select_vendors
2026-07-09 11:57:50 | INFO     | _run_graph_streaming:275 | [NODE-DONE] cf644a7e-d6fb-4fa9-b916-38f5757c5472 -> generate_rfq_emails
2026-07-09 11:58:11 | INFO     | _run_graph_streaming:275 | [NODE-DONE] cf644a7e-d6fb-4fa9-b916-38f5757c5472 -> send_rfq_emails
2026-07-09 11:58:11 | INFO     | _run_graph_streaming:275 | [NODE-DONE] cf644a7e-d6fb-4fa9-b916-38f5757c5472 -> await_supplier_replies
2026-07-09 15:39:43 | INFO     | _run_graph_streaming:275 | [NODE-DONE] cf644a7e-d6fb-4fa9-b916-38f5757c5472 -> ocr_extract
2026-07-09 19:08:59 | INFO     | _run_graph_streaming:275 | [NODE-DONE] cf644a7e-d6fb-4fa9-b916-38f5757c5472 -> user_decision_gate
2026-07-09 19:08:59 | INFO     | _run_graph_streaming:275 | [NODE-DONE] cf644a7e-d6fb-4fa9-b916-38f5757c5472 -> generate_purchase_order
2026-07-09 19:09:05 | INFO     | _run_graph_streaming:275 | [NODE-DONE] cf644a7e-d6fb-4fa9-b916-38f5757c5472 -> send_po_email
2026-07-09 19:09:08 | INFO     | run_workflow:132 | 
[RUN-WORKFLOW-START] Session: 94e7440d-50ac-4297-bb0c-c51fbc80e791
2026-07-09 19:09:08 | INFO     | run_workflow:133 | [USER-INPUT] Buy 10 Dell Latitude laptops...
2026-07-09 19:09:08 | INFO     | run_workflow:180 | [SESSION-MODE] NEW | Thread: bcee5af1-0523-4905-91d8-2463a48be381
2026-07-09 19:09:12 | INFO     | _run_graph_streaming:275 | [NODE-DONE] 94e7440d-50ac-4297-bb0c-c51fbc80e791 -> parse_request
2026-07-09 19:09:12 | INFO     | _run_graph_streaming:275 | [NODE-DONE] 94e7440d-50ac-4297-bb0c-c51fbc80e791 -> create_rfq_record
2026-07-09 19:09:15 | INFO     | _run_graph_streaming:275 | [NODE-DONE] 94e7440d-50ac-4297-bb0c-c51fbc80e791 -> select_vendors
2026-07-09 19:10:02 | INFO     | _run_graph_streaming:275 | [NODE-DONE] 94e7440d-50ac-4297-bb0c-c51fbc80e791 -> generate_rfq_emails
2026-07-09 19:10:25 | INFO     | _run_graph_streaming:275 | [NODE-DONE] 94e7440d-50ac-4297-bb0c-c51fbc80e791 -> send_rfq_emails
2026-07-09 19:10:25 | INFO     | _run_graph_streaming:275 | [NODE-DONE] 94e7440d-50ac-4297-bb0c-c51fbc80e791 -> await_supplier_replies
2026-07-09 19:34:26 | INFO     | _run_graph_streaming:275 | [NODE-DONE] 94e7440d-50ac-4297-bb0c-c51fbc80e791 -> ocr_extract
2026-07-09 19:34:43 | INFO     | _run_graph_streaming:275 | [NODE-DONE] 94e7440d-50ac-4297-bb0c-c51fbc80e791 -> user_decision_gate
2026-07-09 19:34:55 | INFO     | _run_graph_streaming:275 | [NODE-DONE] 94e7440d-50ac-4297-bb0c-c51fbc80e791 -> negotiate_with_suppliers
2026-07-09 19:34:55 | INFO     | _run_graph_streaming:275 | [NODE-DONE] 94e7440d-50ac-4297-bb0c-c51fbc80e791 -> await_supplier_replies
2026-07-09 19:36:53 | INFO     | _run_graph_streaming:275 | [NODE-DONE] 94e7440d-50ac-4297-bb0c-c51fbc80e791 -> ocr_extract
2026-07-09 23:21:47 | INFO     | run_workflow:132 | 
[RUN-WORKFLOW-START] Session: 2e467004-8f8a-4df3-a3e9-69b717d906d7
2026-07-09 23:21:47 | INFO     | run_workflow:133 | [USER-INPUT] i need 3 laptops and 4 keyboard...
2026-07-09 23:21:47 | INFO     | run_workflow:180 | [SESSION-MODE] NEW | Thread: 7a1fdac2-1777-46e3-b23f-5470c956a630
2026-07-09 23:21:51 | INFO     | _run_graph_streaming:275 | [NODE-DONE] 2e467004-8f8a-4df3-a3e9-69b717d906d7 -> parse_request
2026-07-09 23:21:51 | INFO     | _run_graph_streaming:275 | [NODE-DONE] 2e467004-8f8a-4df3-a3e9-69b717d906d7 -> create_rfq_record
2026-07-09 23:21:59 | INFO     | _run_graph_streaming:275 | [NODE-DONE] 2e467004-8f8a-4df3-a3e9-69b717d906d7 -> select_vendors
2026-07-09 23:22:36 | INFO     | _run_graph_streaming:275 | [NODE-DONE] 2e467004-8f8a-4df3-a3e9-69b717d906d7 -> generate_rfq_emails
2026-07-09 23:23:04 | INFO     | _run_graph_streaming:275 | [NODE-DONE] 2e467004-8f8a-4df3-a3e9-69b717d906d7 -> send_rfq_emails
2026-07-09 23:23:04 | INFO     | _run_graph_streaming:275 | [NODE-DONE] 2e467004-8f8a-4df3-a3e9-69b717d906d7 -> await_supplier_replies
2026-07-10 01:34:56 | INFO     | run_workflow:133 | 
[RUN-WORKFLOW-START] Session: d4f2e4ac-b356-43e7-869a-ccc4976bd289
2026-07-10 01:34:56 | INFO     | run_workflow:134 | [USER-INPUT] Buy 10 Dell Latitude laptops...
2026-07-10 01:34:56 | INFO     | run_workflow:181 | [SESSION-MODE] NEW | Thread: 548c7137-2017-43bc-bdeb-9461e5aa2ce6
2026-07-10 01:35:01 | INFO     | _run_graph_streaming:279 | [NODE-DONE] d4f2e4ac-b356-43e7-869a-ccc4976bd289 -> parse_request | tokens so far: 1392 (~$0.0074)
2026-07-10 01:35:02 | INFO     | _run_graph_streaming:279 | [NODE-DONE] d4f2e4ac-b356-43e7-869a-ccc4976bd289 -> create_rfq_record | tokens so far: 1392 (~$0.0074)
2026-07-10 01:35:11 | INFO     | _run_graph_streaming:279 | [NODE-DONE] d4f2e4ac-b356-43e7-869a-ccc4976bd289 -> select_vendors | tokens so far: 1392 (~$0.0074)
2026-07-10 01:35:49 | INFO     | _run_graph_streaming:279 | [NODE-DONE] d4f2e4ac-b356-43e7-869a-ccc4976bd289 -> generate_rfq_emails | tokens so far: 6220 (~$0.0575)
2026-07-10 01:36:12 | INFO     | _run_graph_streaming:279 | [NODE-DONE] d4f2e4ac-b356-43e7-869a-ccc4976bd289 -> send_rfq_emails | tokens so far: 6220 (~$0.0575)
2026-07-10 01:36:12 | INFO     | _run_graph_streaming:279 | [NODE-DONE] d4f2e4ac-b356-43e7-869a-ccc4976bd289 -> await_supplier_replies | tokens so far: 6220 (~$0.0575)
2026-07-10 01:36:12 | INFO     | _run_graph_streaming:284 | [TOKEN-USAGE] d4f2e4ac-b356-43e7-869a-ccc4976bd289 -> {'calls': 6, 'input_tokens': 2980, 'output_tokens': 3240, 'cache_read_tokens': 0, 'cache_write_tokens': 0, 'total_tokens': 6220, 'cache_hit_rate': 0.0, 'cost_usd': 0.05754}
2026-07-10 01:45:28 | INFO     | run_workflow:133 | 
[RUN-WORKFLOW-START] Session: b6ba001e-a97d-4910-8685-179346f0beba
2026-07-10 01:45:28 | INFO     | run_workflow:134 | [USER-INPUT] Buy 10 Dell Latitude laptops...
2026-07-10 01:45:28 | INFO     | run_workflow:181 | [SESSION-MODE] NEW | Thread: e3fd8fb5-9b0d-40c1-84c9-00930ddbecc4
2026-07-10 01:45:33 | INFO     | _run_graph_streaming:279 | [NODE-DONE] b6ba001e-a97d-4910-8685-179346f0beba -> parse_request | tokens so far: 1395 (~$0.0075)
2026-07-10 01:45:33 | INFO     | _run_graph_streaming:279 | [NODE-DONE] b6ba001e-a97d-4910-8685-179346f0beba -> create_rfq_record | tokens so far: 1395 (~$0.0075)
2026-07-10 01:45:42 | INFO     | _run_graph_streaming:279 | [NODE-DONE] b6ba001e-a97d-4910-8685-179346f0beba -> select_vendors | tokens so far: 1395 (~$0.0075)
2026-07-10 01:46:19 | INFO     | _run_graph_streaming:279 | [NODE-DONE] b6ba001e-a97d-4910-8685-179346f0beba -> generate_rfq_emails | tokens so far: 6161 (~$0.0565)
2026-07-10 01:46:43 | INFO     | _run_graph_streaming:279 | [NODE-DONE] b6ba001e-a97d-4910-8685-179346f0beba -> send_rfq_emails | tokens so far: 6161 (~$0.0565)
2026-07-10 01:46:44 | INFO     | _run_graph_streaming:279 | [NODE-DONE] b6ba001e-a97d-4910-8685-179346f0beba -> await_supplier_replies | tokens so far: 6161 (~$0.0565)
2026-07-10 01:46:44 | INFO     | _run_graph_streaming:284 | [TOKEN-USAGE] b6ba001e-a97d-4910-8685-179346f0beba -> {'calls': 6, 'input_tokens': 2995, 'output_tokens': 3166, 'cache_read_tokens': 0, 'cache_write_tokens': 0, 'total_tokens': 6161, 'cache_hit_rate': 0.0, 'cost_usd': 0.056475}
2026-07-10 01:49:55 | INFO     | _run_graph_streaming:279 | [NODE-DONE] b6ba001e-a97d-4910-8685-179346f0beba -> ocr_extract | tokens so far: 2746 (~$0.0207)
2026-07-10 01:49:56 | INFO     | _run_graph_streaming:284 | [TOKEN-USAGE] b6ba001e-a97d-4910-8685-179346f0beba -> {'calls': 2, 'input_tokens': 1704, 'output_tokens': 1042, 'cache_read_tokens': 0, 'cache_write_tokens': 0, 'total_tokens': 2746, 'cache_hit_rate': 0.0, 'cost_usd': 0.020742}
2026-07-10 01:53:27 | INFO     | _run_graph_streaming:279 | [NODE-DONE] b6ba001e-a97d-4910-8685-179346f0beba -> user_decision_gate | tokens so far: 0 (~$0.0000)
2026-07-10 01:53:28 | INFO     | _run_graph_streaming:279 | [NODE-DONE] b6ba001e-a97d-4910-8685-179346f0beba -> generate_purchase_order | tokens so far: 0 (~$0.0000)
2026-07-10 01:53:33 | INFO     | _run_graph_streaming:279 | [NODE-DONE] b6ba001e-a97d-4910-8685-179346f0beba -> send_po_email | tokens so far: 0 (~$0.0000)
2026-07-10 01:53:33 | INFO     | _run_graph_streaming:284 | [TOKEN-USAGE] b6ba001e-a97d-4910-8685-179346f0beba -> {'calls': 0, 'input_tokens': 0, 'output_tokens': 0, 'cache_read_tokens': 0, 'cache_write_tokens': 0, 'total_tokens': 0, 'cache_hit_rate': 0.0, 'cost_usd': 0}
2026-07-10 14:43:55 | INFO     | run_workflow:133 | 
[RUN-WORKFLOW-START] Session: 5391d490-5e8e-4bb3-bd44-73c7d832ca0e
2026-07-10 14:43:55 | INFO     | run_workflow:134 | [USER-INPUT] Buy 10 Dell Latitude laptops...
2026-07-10 14:43:55 | INFO     | run_workflow:181 | [SESSION-MODE] NEW | Thread: d17bc31a-b13b-4fd7-a7d5-c465b0d0a546
2026-07-10 14:44:01 | INFO     | _run_graph_streaming:284 | [NODE-DONE] 5391d490-5e8e-4bb3-bd44-73c7d832ca0e -> parse_request | tokens so far: 290 (~$0.0188)
2026-07-10 14:44:02 | INFO     | _run_graph_streaming:284 | [NODE-DONE] 5391d490-5e8e-4bb3-bd44-73c7d832ca0e -> create_rfq_record | tokens so far: 290 (~$0.0188)
2026-07-10 14:44:08 | INFO     | _run_graph_streaming:284 | [NODE-DONE] 5391d490-5e8e-4bb3-bd44-73c7d832ca0e -> select_vendors | tokens so far: 290 (~$0.0188)
2026-07-10 14:44:16 | INFO     | _run_graph_streaming:284 | [NODE-DONE] 5391d490-5e8e-4bb3-bd44-73c7d832ca0e -> generate_rfq_emails | tokens so far: 1310 (~$0.0297)
2026-07-10 14:44:21 | INFO     | _run_graph_streaming:284 | [NODE-DONE] 5391d490-5e8e-4bb3-bd44-73c7d832ca0e -> send_rfq_emails | tokens so far: 1310 (~$0.0297)
2026-07-10 14:44:21 | INFO     | _run_graph_streaming:284 | [NODE-DONE] 5391d490-5e8e-4bb3-bd44-73c7d832ca0e -> await_supplier_replies | tokens so far: 1310 (~$0.0297)
2026-07-10 14:44:21 | INFO     | _run_graph_streaming:289 | [TOKEN-USAGE] 5391d490-5e8e-4bb3-bd44-73c7d832ca0e -> {'calls': 2, 'input_tokens': 384, 'output_tokens': 926, 'cache_read_tokens': 0, 'cache_write_tokens': 3909, 'total_tokens': 1310, 'cache_hit_rate': 0.0, 'cost_usd': 0.029701}
2026-07-10 14:48:07 | INFO     | _run_graph_streaming:284 | [NODE-DONE] 5391d490-5e8e-4bb3-bd44-73c7d832ca0e -> ocr_extract | tokens so far: 3186 (~$0.0253)
2026-07-10 14:48:07 | INFO     | _run_graph_streaming:289 | [TOKEN-USAGE] 5391d490-5e8e-4bb3-bd44-73c7d832ca0e -> {'calls': 2, 'input_tokens': 1876, 'output_tokens': 1310, 'cache_read_tokens': 0, 'cache_write_tokens': 0, 'total_tokens': 3186, 'cache_hit_rate': 0.0, 'cost_usd': 0.025278}
2026-07-10 14:48:50 | INFO     | _run_graph_streaming:284 | [NODE-DONE] 5391d490-5e8e-4bb3-bd44-73c7d832ca0e -> user_decision_gate | tokens so far: 0 (~$0.0000)
2026-07-10 14:48:50 | INFO     | _run_graph_streaming:284 | [NODE-DONE] 5391d490-5e8e-4bb3-bd44-73c7d832ca0e -> generate_purchase_order | tokens so far: 0 (~$0.0000)
2026-07-10 14:48:59 | INFO     | _run_graph_streaming:284 | [NODE-DONE] 5391d490-5e8e-4bb3-bd44-73c7d832ca0e -> send_po_email | tokens so far: 304 (~$0.0018)
2026-07-10 14:48:59 | INFO     | _run_graph_streaming:289 | [TOKEN-USAGE] 5391d490-5e8e-4bb3-bd44-73c7d832ca0e -> {'calls': 1, 'input_tokens': 227, 'output_tokens': 77, 'cache_read_tokens': 0, 'cache_write_tokens': 0, 'total_tokens': 304, 'cache_hit_rate': 0.0, 'cost_usd': 0.001836}
2026-07-10 14:49:17 | INFO     | run_workflow:133 | 
[RUN-WORKFLOW-START] Session: 29186c3a-a60d-4116-ba41-cc7969e24839
2026-07-10 14:49:17 | INFO     | run_workflow:134 | [USER-INPUT] Buy 10 Dell Latitude laptops...
2026-07-10 14:49:17 | INFO     | run_workflow:181 | [SESSION-MODE] NEW | Thread: 162a8cbc-38b8-45da-9862-af2c70134146
2026-07-10 14:49:24 | INFO     | _run_graph_streaming:284 | [NODE-DONE] 29186c3a-a60d-4116-ba41-cc7969e24839 -> parse_request | tokens so far: 290 (~$0.0188)
2026-07-10 14:49:24 | INFO     | _run_graph_streaming:284 | [NODE-DONE] 29186c3a-a60d-4116-ba41-cc7969e24839 -> create_rfq_record | tokens so far: 290 (~$0.0188)
2026-07-10 14:49:25 | INFO     | _run_graph_streaming:284 | [NODE-DONE] 29186c3a-a60d-4116-ba41-cc7969e24839 -> select_vendors | tokens so far: 290 (~$0.0188)
2026-07-10 14:49:32 | INFO     | _run_graph_streaming:284 | [NODE-DONE] 29186c3a-a60d-4116-ba41-cc7969e24839 -> generate_rfq_emails | tokens so far: 1259 (~$0.0289)
2026-07-10 14:49:38 | INFO     | _run_graph_streaming:284 | [NODE-DONE] 29186c3a-a60d-4116-ba41-cc7969e24839 -> send_rfq_emails | tokens so far: 1259 (~$0.0289)
2026-07-10 14:49:38 | INFO     | _run_graph_streaming:284 | [NODE-DONE] 29186c3a-a60d-4116-ba41-cc7969e24839 -> await_supplier_replies | tokens so far: 1259 (~$0.0289)
2026-07-10 14:49:38 | INFO     | _run_graph_streaming:289 | [TOKEN-USAGE] 29186c3a-a60d-4116-ba41-cc7969e24839 -> {'calls': 2, 'input_tokens': 384, 'output_tokens': 875, 'cache_read_tokens': 0, 'cache_write_tokens': 3909, 'total_tokens': 1259, 'cache_hit_rate': 0.0, 'cost_usd': 0.028936}
2026-07-10 14:51:37 | INFO     | _run_graph_streaming:284 | [NODE-DONE] 29186c3a-a60d-4116-ba41-cc7969e24839 -> ocr_extract | tokens so far: 3046 (~$0.0231)
2026-07-10 14:51:37 | INFO     | _run_graph_streaming:289 | [TOKEN-USAGE] 29186c3a-a60d-4116-ba41-cc7969e24839 -> {'calls': 2, 'input_tokens': 1881, 'output_tokens': 1165, 'cache_read_tokens': 0, 'cache_write_tokens': 0, 'total_tokens': 3046, 'cache_hit_rate': 0.0, 'cost_usd': 0.023118}
2026-07-10 14:51:43 | INFO     | _run_graph_streaming:284 | [NODE-DONE] 29186c3a-a60d-4116-ba41-cc7969e24839 -> user_decision_gate | tokens so far: 0 (~$0.0000)
2026-07-10 14:51:43 | INFO     | _run_graph_streaming:284 | [NODE-DONE] 29186c3a-a60d-4116-ba41-cc7969e24839 -> generate_purchase_order | tokens so far: 0 (~$0.0000)
2026-07-10 14:51:51 | INFO     | _run_graph_streaming:284 | [NODE-DONE] 29186c3a-a60d-4116-ba41-cc7969e24839 -> send_po_email | tokens so far: 298 (~$0.0017)
2026-07-10 14:51:52 | INFO     | _run_graph_streaming:289 | [TOKEN-USAGE] 29186c3a-a60d-4116-ba41-cc7969e24839 -> {'calls': 1, 'input_tokens': 227, 'output_tokens': 71, 'cache_read_tokens': 0, 'cache_write_tokens': 0, 'total_tokens': 298, 'cache_hit_rate': 0.0, 'cost_usd': 0.001746}
2026-07-10 14:59:52 | INFO     | run_workflow:133 | 
[RUN-WORKFLOW-START] Session: 9f563923-6fd9-4865-b5ca-8a3bab3d6196
2026-07-10 14:59:52 | INFO     | run_workflow:134 | [USER-INPUT] Buy 10 Dell Latitude laptops...
2026-07-10 14:59:52 | INFO     | run_workflow:181 | [SESSION-MODE] NEW | Thread: 68aea6e8-e663-47b3-baef-8809c5421168
2026-07-10 14:59:58 | INFO     | _run_graph_streaming:284 | [NODE-DONE] 9f563923-6fd9-4865-b5ca-8a3bab3d6196 -> parse_request | tokens so far: 290 (~$0.0053)
2026-07-10 14:59:58 | INFO     | _run_graph_streaming:284 | [NODE-DONE] 9f563923-6fd9-4865-b5ca-8a3bab3d6196 -> create_rfq_record | tokens so far: 290 (~$0.0053)
2026-07-10 14:59:58 | INFO     | _run_graph_streaming:284 | [NODE-DONE] 9f563923-6fd9-4865-b5ca-8a3bab3d6196 -> select_vendors | tokens so far: 290 (~$0.0053)
2026-07-10 15:00:06 | INFO     | _run_graph_streaming:284 | [NODE-DONE] 9f563923-6fd9-4865-b5ca-8a3bab3d6196 -> generate_rfq_emails | tokens so far: 1191 (~$0.0144)
2026-07-10 15:00:17 | INFO     | _run_graph_streaming:284 | [NODE-DONE] 9f563923-6fd9-4865-b5ca-8a3bab3d6196 -> send_rfq_emails | tokens so far: 1191 (~$0.0144)
2026-07-10 15:00:17 | INFO     | _run_graph_streaming:284 | [NODE-DONE] 9f563923-6fd9-4865-b5ca-8a3bab3d6196 -> await_supplier_replies | tokens so far: 1191 (~$0.0144)
2026-07-10 15:00:17 | INFO     | _run_graph_streaming:289 | [TOKEN-USAGE] 9f563923-6fd9-4865-b5ca-8a3bab3d6196 -> {'calls': 2, 'input_tokens': 384, 'output_tokens': 807, 'cache_read_tokens': 3909, 'cache_write_tokens': 0, 'total_tokens': 1191, 'cache_hit_rate': 0.911, 'cost_usd': 0.01443}
2026-07-10 15:01:34 | INFO     | _run_graph_streaming:284 | [NODE-DONE] 9f563923-6fd9-4865-b5ca-8a3bab3d6196 -> ocr_extract | tokens so far: 2874 (~$0.0206)
2026-07-10 15:01:34 | INFO     | _run_graph_streaming:289 | [TOKEN-USAGE] 9f563923-6fd9-4865-b5ca-8a3bab3d6196 -> {'calls': 2, 'input_tokens': 1876, 'output_tokens': 998, 'cache_read_tokens': 0, 'cache_write_tokens': 0, 'total_tokens': 2874, 'cache_hit_rate': 0.0, 'cost_usd': 0.020598}
2026-07-10 15:01:47 | INFO     | _run_graph_streaming:284 | [NODE-DONE] 9f563923-6fd9-4865-b5ca-8a3bab3d6196 -> user_decision_gate | tokens so far: 0 (~$0.0000)
2026-07-10 15:01:48 | INFO     | _run_graph_streaming:284 | [NODE-DONE] 9f563923-6fd9-4865-b5ca-8a3bab3d6196 -> generate_purchase_order | tokens so far: 0 (~$0.0000)
2026-07-10 15:02:01 | INFO     | _run_graph_streaming:284 | [NODE-DONE] 9f563923-6fd9-4865-b5ca-8a3bab3d6196 -> send_po_email | tokens so far: 300 (~$0.0018)
2026-07-10 15:02:01 | INFO     | _run_graph_streaming:289 | [TOKEN-USAGE] 9f563923-6fd9-4865-b5ca-8a3bab3d6196 -> {'calls': 1, 'input_tokens': 227, 'output_tokens': 73, 'cache_read_tokens': 0, 'cache_write_tokens': 0, 'total_tokens': 300, 'cache_hit_rate': 0.0, 'cost_usd': 0.001776}
2026-07-10 15:02:09 | INFO     | run_workflow:133 | 
[RUN-WORKFLOW-START] Session: 6f11fdee-c45b-493b-b481-7e976b8005ff
2026-07-10 15:02:09 | INFO     | run_workflow:134 | [USER-INPUT] Buy 10 Dell Latitude laptops...
2026-07-10 15:02:09 | INFO     | run_workflow:181 | [SESSION-MODE] NEW | Thread: 5324b3c5-98d5-4a34-b1a2-b782ea102dac
2026-07-10 15:02:15 | INFO     | _run_graph_streaming:284 | [NODE-DONE] 6f11fdee-c45b-493b-b481-7e976b8005ff -> parse_request | tokens so far: 290 (~$0.0053)
2026-07-10 15:02:15 | INFO     | _run_graph_streaming:284 | [NODE-DONE] 6f11fdee-c45b-493b-b481-7e976b8005ff -> create_rfq_record | tokens so far: 290 (~$0.0053)
2026-07-10 15:02:16 | INFO     | _run_graph_streaming:284 | [NODE-DONE] 6f11fdee-c45b-493b-b481-7e976b8005ff -> select_vendors | tokens so far: 290 (~$0.0053)
2026-07-10 15:02:23 | INFO     | _run_graph_streaming:284 | [NODE-DONE] 6f11fdee-c45b-493b-b481-7e976b8005ff -> generate_rfq_emails | tokens so far: 1173 (~$0.0142)
2026-07-10 15:02:28 | INFO     | _run_graph_streaming:284 | [NODE-DONE] 6f11fdee-c45b-493b-b481-7e976b8005ff -> send_rfq_emails | tokens so far: 1173 (~$0.0142)
2026-07-10 15:02:28 | INFO     | _run_graph_streaming:284 | [NODE-DONE] 6f11fdee-c45b-493b-b481-7e976b8005ff -> await_supplier_replies | tokens so far: 1173 (~$0.0142)
2026-07-10 15:02:28 | INFO     | _run_graph_streaming:289 | [TOKEN-USAGE] 6f11fdee-c45b-493b-b481-7e976b8005ff -> {'calls': 2, 'input_tokens': 384, 'output_tokens': 789, 'cache_read_tokens': 3909, 'cache_write_tokens': 0, 'total_tokens': 1173, 'cache_hit_rate': 0.911, 'cost_usd': 0.01416}
2026-07-10 15:05:00 | INFO     | _run_graph_streaming:284 | [NODE-DONE] 6f11fdee-c45b-493b-b481-7e976b8005ff -> ocr_extract | tokens so far: 2810 (~$0.0196)
2026-07-10 15:05:00 | INFO     | _run_graph_streaming:289 | [TOKEN-USAGE] 6f11fdee-c45b-493b-b481-7e976b8005ff -> {'calls': 2, 'input_tokens': 1878, 'output_tokens': 932, 'cache_read_tokens': 0, 'cache_write_tokens': 0, 'total_tokens': 2810, 'cache_hit_rate': 0.0, 'cost_usd': 0.019614}
2026-07-10 15:05:13 | INFO     | _run_graph_streaming:284 | [NODE-DONE] 6f11fdee-c45b-493b-b481-7e976b8005ff -> user_decision_gate | tokens so far: 0 (~$0.0000)
2026-07-10 15:05:13 | INFO     | _run_graph_streaming:284 | [NODE-DONE] 6f11fdee-c45b-493b-b481-7e976b8005ff -> generate_purchase_order | tokens so far: 0 (~$0.0000)
2026-07-10 15:05:21 | INFO     | _run_graph_streaming:284 | [NODE-DONE] 6f11fdee-c45b-493b-b481-7e976b8005ff -> send_po_email | tokens so far: 298 (~$0.0017)
2026-07-10 15:05:21 | INFO     | _run_graph_streaming:289 | [TOKEN-USAGE] 6f11fdee-c45b-493b-b481-7e976b8005ff -> {'calls': 1, 'input_tokens': 227, 'output_tokens': 71, 'cache_read_tokens': 0, 'cache_write_tokens': 0, 'total_tokens': 298, 'cache_hit_rate': 0.0, 'cost_usd': 0.001746}
2026-07-10 15:48:30 | INFO     | run_workflow:133 | 
[RUN-WORKFLOW-START] Session: c0d4efc3-30a6-44c4-9459-2aea974c6575
2026-07-10 15:48:30 | INFO     | run_workflow:134 | [USER-INPUT] Buy 10 Dell Latitude laptops...
2026-07-10 15:48:30 | INFO     | run_workflow:181 | [SESSION-MODE] NEW | Thread: 5d1ea975-5e61-4830-989c-c11eb7bb91ad
2026-07-10 15:48:35 | INFO     | _run_graph_streaming:284 | [NODE-DONE] c0d4efc3-30a6-44c4-9459-2aea974c6575 -> parse_request | tokens so far: 290 (~$0.0053)
2026-07-10 15:48:36 | INFO     | _run_graph_streaming:284 | [NODE-DONE] c0d4efc3-30a6-44c4-9459-2aea974c6575 -> create_rfq_record | tokens so far: 290 (~$0.0053)
2026-07-10 15:48:44 | INFO     | _run_graph_streaming:284 | [NODE-DONE] c0d4efc3-30a6-44c4-9459-2aea974c6575 -> select_vendors | tokens so far: 290 (~$0.0053)
2026-07-10 15:48:51 | INFO     | _run_graph_streaming:284 | [NODE-DONE] c0d4efc3-30a6-44c4-9459-2aea974c6575 -> generate_rfq_emails | tokens so far: 1178 (~$0.0142)
2026-07-10 15:48:56 | INFO     | _run_graph_streaming:284 | [NODE-DONE] c0d4efc3-30a6-44c4-9459-2aea974c6575 -> send_rfq_emails | tokens so far: 1178 (~$0.0142)
2026-07-10 15:48:56 | INFO     | _run_graph_streaming:284 | [NODE-DONE] c0d4efc3-30a6-44c4-9459-2aea974c6575 -> await_supplier_replies | tokens so far: 1178 (~$0.0142)
2026-07-10 15:48:56 | INFO     | _run_graph_streaming:289 | [TOKEN-USAGE] c0d4efc3-30a6-44c4-9459-2aea974c6575 -> {'calls': 2, 'input_tokens': 384, 'output_tokens': 794, 'cache_read_tokens': 3909, 'cache_write_tokens': 0, 'total_tokens': 1178, 'cache_hit_rate': 0.911, 'cost_usd': 0.014235}
2026-07-10 15:49:41 | INFO     | run_workflow:133 | 
[RUN-WORKFLOW-START] Session: 1bef6f48-ef9d-402a-9fe8-ab6b1eeaa87b
2026-07-10 15:49:41 | INFO     | run_workflow:134 | [USER-INPUT] Buy 10 Dell Latitude laptops...
2026-07-10 15:49:41 | INFO     | run_workflow:181 | [SESSION-MODE] NEW | Thread: 1b7610f7-186f-4a9c-b1aa-7cf7c1165c48
2026-07-10 15:49:45 | INFO     | _run_graph_streaming:284 | [NODE-DONE] 1bef6f48-ef9d-402a-9fe8-ab6b1eeaa87b -> parse_request | tokens so far: 290 (~$0.0053)
2026-07-10 15:49:45 | INFO     | _run_graph_streaming:284 | [NODE-DONE] 1bef6f48-ef9d-402a-9fe8-ab6b1eeaa87b -> create_rfq_record | tokens so far: 290 (~$0.0053)
2026-07-10 15:49:46 | INFO     | _run_graph_streaming:284 | [NODE-DONE] 1bef6f48-ef9d-402a-9fe8-ab6b1eeaa87b -> select_vendors | tokens so far: 290 (~$0.0053)
2026-07-10 15:49:53 | INFO     | _run_graph_streaming:284 | [NODE-DONE] 1bef6f48-ef9d-402a-9fe8-ab6b1eeaa87b -> generate_rfq_emails | tokens so far: 1167 (~$0.0141)
2026-07-10 15:49:57 | INFO     | _run_graph_streaming:284 | [NODE-DONE] 1bef6f48-ef9d-402a-9fe8-ab6b1eeaa87b -> send_rfq_emails | tokens so far: 1167 (~$0.0141)
2026-07-10 15:49:57 | INFO     | _run_graph_streaming:284 | [NODE-DONE] 1bef6f48-ef9d-402a-9fe8-ab6b1eeaa87b -> await_supplier_replies | tokens so far: 1167 (~$0.0141)
2026-07-10 15:49:57 | INFO     | _run_graph_streaming:289 | [TOKEN-USAGE] 1bef6f48-ef9d-402a-9fe8-ab6b1eeaa87b -> {'calls': 2, 'input_tokens': 384, 'output_tokens': 783, 'cache_read_tokens': 3909, 'cache_write_tokens': 0, 'total_tokens': 1167, 'cache_hit_rate': 0.911, 'cost_usd': 0.01407}
2026-07-10 15:50:32 | INFO     | run_workflow:133 | 
[RUN-WORKFLOW-START] Session: 3b560757-0ee2-4e09-a0df-209b44e1ede5
2026-07-10 15:50:32 | INFO     | run_workflow:134 | [USER-INPUT] Buy 10 Dell Latitude laptops...
2026-07-10 15:50:32 | INFO     | run_workflow:181 | [SESSION-MODE] NEW | Thread: 9b6369ab-4e6b-415e-91b8-7edf3dec9a13
2026-07-10 15:50:37 | INFO     | _run_graph_streaming:284 | [NODE-DONE] 3b560757-0ee2-4e09-a0df-209b44e1ede5 -> parse_request | tokens so far: 290 (~$0.0053)
2026-07-10 15:50:37 | INFO     | _run_graph_streaming:284 | [NODE-DONE] 3b560757-0ee2-4e09-a0df-209b44e1ede5 -> create_rfq_record | tokens so far: 290 (~$0.0053)
2026-07-10 15:50:37 | INFO     | _run_graph_streaming:284 | [NODE-DONE] 3b560757-0ee2-4e09-a0df-209b44e1ede5 -> select_vendors | tokens so far: 290 (~$0.0053)
2026-07-10 15:50:45 | INFO     | _run_graph_streaming:284 | [NODE-DONE] 3b560757-0ee2-4e09-a0df-209b44e1ede5 -> generate_rfq_emails | tokens so far: 1280 (~$0.0158)
2026-07-10 15:50:49 | INFO     | _run_graph_streaming:284 | [NODE-DONE] 3b560757-0ee2-4e09-a0df-209b44e1ede5 -> send_rfq_emails | tokens so far: 1280 (~$0.0158)
2026-07-10 15:50:49 | INFO     | _run_graph_streaming:284 | [NODE-DONE] 3b560757-0ee2-4e09-a0df-209b44e1ede5 -> await_supplier_replies | tokens so far: 1280 (~$0.0158)
2026-07-10 15:50:49 | INFO     | _run_graph_streaming:289 | [TOKEN-USAGE] 3b560757-0ee2-4e09-a0df-209b44e1ede5 -> {'calls': 2, 'input_tokens': 384, 'output_tokens': 896, 'cache_read_tokens': 3909, 'cache_write_tokens': 0, 'total_tokens': 1280, 'cache_hit_rate': 0.911, 'cost_usd': 0.015765}
2026-07-10 16:00:55 | INFO     | run_workflow:133 | 
[RUN-WORKFLOW-START] Session: 07f8aed6-0f68-4f82-b891-4cc7dcfc32bc
2026-07-10 16:00:55 | INFO     | run_workflow:134 | [USER-INPUT] Buy 10 Dell Latitude laptops...
2026-07-10 16:00:55 | INFO     | run_workflow:181 | [SESSION-MODE] NEW | Thread: a31898e8-7756-4870-aa8d-1509f1d1425f
2026-07-10 16:01:00 | INFO     | _run_graph_streaming:284 | [NODE-DONE] 07f8aed6-0f68-4f82-b891-4cc7dcfc32bc -> parse_request | tokens so far: 290 (~$0.0053)
2026-07-10 16:01:01 | INFO     | _run_graph_streaming:284 | [NODE-DONE] 07f8aed6-0f68-4f82-b891-4cc7dcfc32bc -> create_rfq_record | tokens so far: 290 (~$0.0053)
2026-07-10 16:01:07 | INFO     | _run_graph_streaming:284 | [NODE-DONE] 07f8aed6-0f68-4f82-b891-4cc7dcfc32bc -> select_vendors | tokens so far: 290 (~$0.0053)
2026-07-10 16:01:13 | INFO     | _run_graph_streaming:284 | [NODE-DONE] 07f8aed6-0f68-4f82-b891-4cc7dcfc32bc -> generate_rfq_emails | tokens so far: 1193 (~$0.0145)
2026-07-10 16:01:21 | INFO     | _run_graph_streaming:284 | [NODE-DONE] 07f8aed6-0f68-4f82-b891-4cc7dcfc32bc -> send_rfq_emails | tokens so far: 1193 (~$0.0145)
2026-07-10 16:01:21 | INFO     | _run_graph_streaming:284 | [NODE-DONE] 07f8aed6-0f68-4f82-b891-4cc7dcfc32bc -> await_supplier_replies | tokens so far: 1193 (~$0.0145)
2026-07-10 16:01:21 | INFO     | _run_graph_streaming:289 | [TOKEN-USAGE] 07f8aed6-0f68-4f82-b891-4cc7dcfc32bc -> {'calls': 2, 'input_tokens': 384, 'output_tokens': 809, 'cache_read_tokens': 3909, 'cache_write_tokens': 0, 'total_tokens': 1193, 'cache_hit_rate': 0.911, 'cost_usd': 0.01446}
2026-07-10 16:02:55 | INFO     | run_workflow:133 | 
[RUN-WORKFLOW-START] Session: 7ff6665a-233d-4dd2-a132-f7efe236b230
2026-07-10 16:02:55 | INFO     | run_workflow:134 | [USER-INPUT] Buy 10 Dell Latitude laptops...
2026-07-10 16:02:55 | INFO     | run_workflow:181 | [SESSION-MODE] NEW | Thread: cabbcb4d-1670-4c4d-8493-afade4357b03
2026-07-10 16:03:00 | INFO     | _run_graph_streaming:284 | [NODE-DONE] 7ff6665a-233d-4dd2-a132-f7efe236b230 -> parse_request | tokens so far: 290 (~$0.0053)
2026-07-10 16:03:01 | INFO     | _run_graph_streaming:284 | [NODE-DONE] 7ff6665a-233d-4dd2-a132-f7efe236b230 -> create_rfq_record | tokens so far: 290 (~$0.0053)
2026-07-10 16:03:01 | INFO     | _run_graph_streaming:284 | [NODE-DONE] 7ff6665a-233d-4dd2-a132-f7efe236b230 -> select_vendors | tokens so far: 290 (~$0.0053)
2026-07-10 16:03:09 | INFO     | _run_graph_streaming:284 | [NODE-DONE] 7ff6665a-233d-4dd2-a132-f7efe236b230 -> generate_rfq_emails | tokens so far: 1231 (~$0.0150)
2026-07-10 16:03:13 | INFO     | _run_graph_streaming:284 | [NODE-DONE] 7ff6665a-233d-4dd2-a132-f7efe236b230 -> send_rfq_emails | tokens so far: 1231 (~$0.0150)
2026-07-10 16:03:13 | INFO     | _run_graph_streaming:284 | [NODE-DONE] 7ff6665a-233d-4dd2-a132-f7efe236b230 -> await_supplier_replies | tokens so far: 1231 (~$0.0150)
2026-07-10 16:03:14 | INFO     | _run_graph_streaming:289 | [TOKEN-USAGE] 7ff6665a-233d-4dd2-a132-f7efe236b230 -> {'calls': 2, 'input_tokens': 384, 'output_tokens': 847, 'cache_read_tokens': 3909, 'cache_write_tokens': 0, 'total_tokens': 1231, 'cache_hit_rate': 0.911, 'cost_usd': 0.01503}
2026-07-10 16:11:51 | INFO     | run_workflow:133 | 
[RUN-WORKFLOW-START] Session: 01865220-6591-43a5-8421-943f04f1f86a
2026-07-10 16:11:51 | INFO     | run_workflow:134 | [USER-INPUT] Buy 10 Dell Latitude laptops...
2026-07-10 16:11:52 | INFO     | run_workflow:181 | [SESSION-MODE] NEW | Thread: 120aa48e-a82c-4743-ba7b-5cf1ab504ee1
2026-07-10 16:11:56 | INFO     | _run_graph_streaming:284 | [NODE-DONE] 01865220-6591-43a5-8421-943f04f1f86a -> parse_request | tokens so far: 290 (~$0.0188)
2026-07-10 16:11:56 | INFO     | _run_graph_streaming:284 | [NODE-DONE] 01865220-6591-43a5-8421-943f04f1f86a -> create_rfq_record | tokens so far: 290 (~$0.0188)
2026-07-10 16:11:56 | INFO     | _run_graph_streaming:284 | [NODE-DONE] 01865220-6591-43a5-8421-943f04f1f86a -> select_vendors | tokens so far: 290 (~$0.0188)
2026-07-10 16:12:04 | INFO     | _run_graph_streaming:284 | [NODE-DONE] 01865220-6591-43a5-8421-943f04f1f86a -> generate_rfq_emails | tokens so far: 1249 (~$0.0288)
2026-07-10 16:12:08 | INFO     | _run_graph_streaming:284 | [NODE-DONE] 01865220-6591-43a5-8421-943f04f1f86a -> send_rfq_emails | tokens so far: 1249 (~$0.0288)
2026-07-10 16:12:08 | INFO     | _run_graph_streaming:284 | [NODE-DONE] 01865220-6591-43a5-8421-943f04f1f86a -> await_supplier_replies | tokens so far: 1249 (~$0.0288)
2026-07-10 16:12:08 | INFO     | _run_graph_streaming:289 | [TOKEN-USAGE] 01865220-6591-43a5-8421-943f04f1f86a -> {'calls': 2, 'input_tokens': 384, 'output_tokens': 865, 'cache_read_tokens': 0, 'cache_write_tokens': 3909, 'total_tokens': 1249, 'cache_hit_rate': 0.0, 'cost_usd': 0.028786}
2026-07-12 00:07:13 | INFO     | run_workflow:133 | 
[RUN-WORKFLOW-START] Session: b6ae8d58-4f3d-4595-8759-42fb48e8b942
2026-07-12 00:07:13 | INFO     | run_workflow:134 | [USER-INPUT] Buy 10 Dell Latitude laptops...
2026-07-12 00:07:13 | INFO     | run_workflow:181 | [SESSION-MODE] NEW | Thread: 1d5b178c-25bc-435d-8ed1-96487dbc78df
2026-07-12 00:07:16 | INFO     | _run_graph_streaming:284 | [NODE-DONE] b6ae8d58-4f3d-4595-8759-42fb48e8b942 -> parse_request | tokens so far: 290 (~$0.0195)
2026-07-12 00:07:17 | INFO     | _run_graph_streaming:284 | [NODE-DONE] b6ae8d58-4f3d-4595-8759-42fb48e8b942 -> create_rfq_record | tokens so far: 290 (~$0.0195)
2026-07-12 00:07:24 | INFO     | _run_graph_streaming:284 | [NODE-DONE] b6ae8d58-4f3d-4595-8759-42fb48e8b942 -> select_vendors | tokens so far: 290 (~$0.0195)
2026-07-12 00:07:31 | INFO     | _run_graph_streaming:284 | [NODE-DONE] b6ae8d58-4f3d-4595-8759-42fb48e8b942 -> generate_rfq_emails | tokens so far: 1219 (~$0.0291)
2026-07-12 00:07:36 | INFO     | _run_graph_streaming:284 | [NODE-DONE] b6ae8d58-4f3d-4595-8759-42fb48e8b942 -> send_rfq_emails | tokens so far: 1219 (~$0.0291)
2026-07-12 00:07:36 | INFO     | _run_graph_streaming:284 | [NODE-DONE] b6ae8d58-4f3d-4595-8759-42fb48e8b942 -> await_supplier_replies | tokens so far: 1219 (~$0.0291)
2026-07-12 00:07:36 | INFO     | _run_graph_streaming:289 | [TOKEN-USAGE] b6ae8d58-4f3d-4595-8759-42fb48e8b942 -> {'calls': 2, 'input_tokens': 384, 'output_tokens': 835, 'cache_read_tokens': 0, 'cache_write_tokens': 4114, 'total_tokens': 1219, 'cache_hit_rate': 0.0, 'cost_usd': 0.029104}
2026-07-12 16:26:28 | INFO     | run_workflow:133 | 
[RUN-WORKFLOW-START] Session: 766e0c89-266e-4635-93c0-1b36370de2ad
2026-07-12 16:26:28 | INFO     | run_workflow:134 | [USER-INPUT] Buy 10 Dell Latitude laptops...
2026-07-12 16:26:28 | INFO     | run_workflow:181 | [SESSION-MODE] NEW | Thread: ac954fee-9e74-4c15-b131-44c4a4c378c6
2026-07-12 16:26:32 | INFO     | _run_graph_streaming:284 | [NODE-DONE] 766e0c89-266e-4635-93c0-1b36370de2ad -> parse_request | tokens so far: 290 (~$0.0195)
2026-07-12 16:26:32 | INFO     | _run_graph_streaming:284 | [NODE-DONE] 766e0c89-266e-4635-93c0-1b36370de2ad -> create_rfq_record | tokens so far: 290 (~$0.0195)
2026-07-12 16:26:39 | INFO     | _run_graph_streaming:284 | [NODE-DONE] 766e0c89-266e-4635-93c0-1b36370de2ad -> select_vendors | tokens so far: 290 (~$0.0195)
2026-07-12 16:26:47 | INFO     | _run_graph_streaming:284 | [NODE-DONE] 766e0c89-266e-4635-93c0-1b36370de2ad -> generate_rfq_emails | tokens so far: 1254 (~$0.0296)
2026-07-12 16:26:51 | INFO     | _run_graph_streaming:284 | [NODE-DONE] 766e0c89-266e-4635-93c0-1b36370de2ad -> send_rfq_emails | tokens so far: 1254 (~$0.0296)
2026-07-12 16:26:52 | INFO     | _run_graph_streaming:284 | [NODE-DONE] 766e0c89-266e-4635-93c0-1b36370de2ad -> await_supplier_replies | tokens so far: 1254 (~$0.0296)
2026-07-12 16:26:52 | INFO     | _run_graph_streaming:289 | [TOKEN-USAGE] 766e0c89-266e-4635-93c0-1b36370de2ad -> {'calls': 2, 'input_tokens': 384, 'output_tokens': 870, 'cache_read_tokens': 0, 'cache_write_tokens': 4114, 'total_tokens': 1254, 'cache_hit_rate': 0.0, 'cost_usd': 0.029629}
2026-07-12 16:27:45 | INFO     | _run_graph_streaming:284 | [NODE-DONE] 766e0c89-266e-4635-93c0-1b36370de2ad -> ocr_extract | tokens so far: 2061 (~$0.0133)
2026-07-12 16:27:45 | INFO     | _run_graph_streaming:289 | [TOKEN-USAGE] 766e0c89-266e-4635-93c0-1b36370de2ad -> {'calls': 2, 'input_tokens': 1467, 'output_tokens': 594, 'cache_read_tokens': 0, 'cache_write_tokens': 0, 'total_tokens': 2061, 'cache_hit_rate': 0.0, 'cost_usd': 0.013311}
2026-07-12 16:37:46 | INFO     | run_workflow:133 | 
[RUN-WORKFLOW-START] Session: 4c08dd1b-f7e1-4de7-bb45-422dee175e80
2026-07-12 16:37:46 | INFO     | run_workflow:134 | [USER-INPUT] Buy 10 Dell Latitude laptops...
2026-07-12 16:37:46 | INFO     | run_workflow:181 | [SESSION-MODE] NEW | Thread: 55257aa2-8df4-43b4-ae0c-f9ae458c8b2a
2026-07-12 16:37:53 | INFO     | _run_graph_streaming:284 | [NODE-DONE] 4c08dd1b-f7e1-4de7-bb45-422dee175e80 -> parse_request | tokens so far: 290 (~$0.0195)
2026-07-12 16:37:53 | INFO     | _run_graph_streaming:284 | [NODE-DONE] 4c08dd1b-f7e1-4de7-bb45-422dee175e80 -> create_rfq_record | tokens so far: 290 (~$0.0195)
2026-07-12 16:37:58 | INFO     | _run_graph_streaming:284 | [NODE-DONE] 4c08dd1b-f7e1-4de7-bb45-422dee175e80 -> select_vendors | tokens so far: 290 (~$0.0195)
2026-07-12 16:38:08 | INFO     | _run_graph_streaming:284 | [NODE-DONE] 4c08dd1b-f7e1-4de7-bb45-422dee175e80 -> generate_rfq_emails | tokens so far: 1211 (~$0.0290)
2026-07-12 16:38:13 | INFO     | _run_graph_streaming:284 | [NODE-DONE] 4c08dd1b-f7e1-4de7-bb45-422dee175e80 -> send_rfq_emails | tokens so far: 1211 (~$0.0290)
2026-07-12 16:38:13 | INFO     | _run_graph_streaming:284 | [NODE-DONE] 4c08dd1b-f7e1-4de7-bb45-422dee175e80 -> await_supplier_replies | tokens so far: 1211 (~$0.0290)
2026-07-12 16:38:13 | INFO     | _run_graph_streaming:289 | [TOKEN-USAGE] 4c08dd1b-f7e1-4de7-bb45-422dee175e80 -> {'calls': 2, 'input_tokens': 384, 'output_tokens': 827, 'cache_read_tokens': 0, 'cache_write_tokens': 4114, 'total_tokens': 1211, 'cache_hit_rate': 0.0, 'cost_usd': 0.028984}
2026-07-12 16:39:49 | INFO     | _run_graph_streaming:284 | [NODE-DONE] 4c08dd1b-f7e1-4de7-bb45-422dee175e80 -> ocr_extract | tokens so far: 2266 (~$0.0134)
2026-07-12 16:39:49 | INFO     | _run_graph_streaming:289 | [TOKEN-USAGE] 4c08dd1b-f7e1-4de7-bb45-422dee175e80 -> {'calls': 2, 'input_tokens': 1712, 'output_tokens': 554, 'cache_read_tokens': 0, 'cache_write_tokens': 0, 'total_tokens': 2266, 'cache_hit_rate': 0.0, 'cost_usd': 0.013446}
2026-07-12 16:42:08 | INFO     | _run_graph_streaming:284 | [NODE-DONE] 4c08dd1b-f7e1-4de7-bb45-422dee175e80 -> user_decision_gate | tokens so far: 0 (~$0.0000)
2026-07-12 16:42:09 | INFO     | _run_graph_streaming:289 | [TOKEN-USAGE] 4c08dd1b-f7e1-4de7-bb45-422dee175e80 -> {'calls': 0, 'input_tokens': 0, 'output_tokens': 0, 'cache_read_tokens': 0, 'cache_write_tokens': 0, 'total_tokens': 0, 'cache_hit_rate': 0.0, 'cost_usd': 0}
2026-07-12 16:52:20 | INFO     | run_workflow:133 | 
[RUN-WORKFLOW-START] Session: 0811bce8-0a61-4423-a9c6-f689490793be
2026-07-12 16:52:20 | INFO     | run_workflow:134 | [USER-INPUT] Buy 10 Dell Latitude laptops...
2026-07-12 16:52:20 | INFO     | run_workflow:181 | [SESSION-MODE] NEW | Thread: 9ca1afd2-7c3c-4adb-8f65-8589e4c15518
2026-07-12 16:52:24 | INFO     | _run_graph_streaming:284 | [NODE-DONE] 0811bce8-0a61-4423-a9c6-f689490793be -> parse_request | tokens so far: 290 (~$0.0195)
2026-07-12 16:52:24 | INFO     | _run_graph_streaming:284 | [NODE-DONE] 0811bce8-0a61-4423-a9c6-f689490793be -> create_rfq_record | tokens so far: 290 (~$0.0195)
2026-07-12 16:52:29 | INFO     | _run_graph_streaming:284 | [NODE-DONE] 0811bce8-0a61-4423-a9c6-f689490793be -> select_vendors | tokens so far: 290 (~$0.0195)
2026-07-12 16:52:39 | INFO     | _run_graph_streaming:284 | [NODE-DONE] 0811bce8-0a61-4423-a9c6-f689490793be -> generate_rfq_emails | tokens so far: 1435 (~$0.0323)
2026-07-12 16:52:43 | INFO     | _run_graph_streaming:284 | [NODE-DONE] 0811bce8-0a61-4423-a9c6-f689490793be -> send_rfq_emails | tokens so far: 1435 (~$0.0323)
2026-07-12 16:52:43 | INFO     | _run_graph_streaming:284 | [NODE-DONE] 0811bce8-0a61-4423-a9c6-f689490793be -> await_supplier_replies | tokens so far: 1435 (~$0.0323)
2026-07-12 16:52:43 | INFO     | _run_graph_streaming:289 | [TOKEN-USAGE] 0811bce8-0a61-4423-a9c6-f689490793be -> {'calls': 2, 'input_tokens': 384, 'output_tokens': 1051, 'cache_read_tokens': 0, 'cache_write_tokens': 4114, 'total_tokens': 1435, 'cache_hit_rate': 0.0, 'cost_usd': 0.032344}
2026-07-12 16:54:34 | INFO     | _run_graph_streaming:284 | [NODE-DONE] 0811bce8-0a61-4423-a9c6-f689490793be -> ocr_extract | tokens so far: 2298 (~$0.0139)
2026-07-12 16:54:34 | INFO     | _run_graph_streaming:289 | [TOKEN-USAGE] 0811bce8-0a61-4423-a9c6-f689490793be -> {'calls': 2, 'input_tokens': 1712, 'output_tokens': 586, 'cache_read_tokens': 0, 'cache_write_tokens': 0, 'total_tokens': 2298, 'cache_hit_rate': 0.0, 'cost_usd': 0.013926}
2026-07-12 16:56:12 | INFO     | _run_graph_streaming:284 | [NODE-DONE] 0811bce8-0a61-4423-a9c6-f689490793be -> user_decision_gate | tokens so far: 0 (~$0.0000)
2026-07-12 16:56:12 | INFO     | _run_graph_streaming:289 | [TOKEN-USAGE] 0811bce8-0a61-4423-a9c6-f689490793be -> {'calls': 0, 'input_tokens': 0, 'output_tokens': 0, 'cache_read_tokens': 0, 'cache_write_tokens': 0, 'total_tokens': 0, 'cache_hit_rate': 0.0, 'cost_usd': 0}
2026-07-12 16:59:13 | INFO     | _run_graph_streaming:289 | [TOKEN-USAGE] 0811bce8-0a61-4423-a9c6-f689490793be -> {'calls': 0, 'input_tokens': 0, 'output_tokens': 0, 'cache_read_tokens': 0, 'cache_write_tokens': 0, 'total_tokens': 0, 'cache_hit_rate': 0.0, 'cost_usd': 0}
2026-07-12 17:15:49 | INFO     | run_workflow:133 | 
[RUN-WORKFLOW-START] Session: be20336e-9076-488a-9161-c35a814d630e
2026-07-12 17:15:49 | INFO     | run_workflow:134 | [USER-INPUT] Buy 10 Dell Latitude laptops...
2026-07-12 17:15:49 | INFO     | run_workflow:181 | [SESSION-MODE] NEW | Thread: 3393865a-39ca-4822-be3b-51d7e8c68afe
2026-07-12 17:15:52 | INFO     | _run_graph_streaming:330 | [NODE-DONE] be20336e-9076-488a-9161-c35a814d630e -> parse_request | tokens so far: 290 (~$0.0195)
2026-07-12 17:15:52 | INFO     | _run_graph_streaming:330 | [NODE-DONE] be20336e-9076-488a-9161-c35a814d630e -> create_rfq_record | tokens so far: 290 (~$0.0195)
2026-07-12 17:15:57 | INFO     | _run_graph_streaming:330 | [NODE-DONE] be20336e-9076-488a-9161-c35a814d630e -> select_vendors | tokens so far: 290 (~$0.0195)
2026-07-12 17:16:06 | INFO     | _run_graph_streaming:330 | [NODE-DONE] be20336e-9076-488a-9161-c35a814d630e -> generate_rfq_emails | tokens so far: 1222 (~$0.0291)
2026-07-12 17:16:11 | INFO     | _run_graph_streaming:330 | [NODE-DONE] be20336e-9076-488a-9161-c35a814d630e -> send_rfq_emails | tokens so far: 1222 (~$0.0291)
2026-07-12 17:16:11 | INFO     | _run_graph_streaming:330 | [NODE-DONE] be20336e-9076-488a-9161-c35a814d630e -> await_supplier_replies | tokens so far: 1222 (~$0.0291)
2026-07-12 17:16:11 | INFO     | _run_graph_streaming:335 | [TOKEN-USAGE] be20336e-9076-488a-9161-c35a814d630e -> {'calls': 2, 'input_tokens': 384, 'output_tokens': 838, 'cache_read_tokens': 0, 'cache_write_tokens': 4114, 'total_tokens': 1222, 'cache_hit_rate': 0.0, 'cost_usd': 0.02915}
2026-07-12 17:17:10 | INFO     | _run_graph_streaming:330 | [NODE-DONE] be20336e-9076-488a-9161-c35a814d630e -> ocr_extract | tokens so far: 2144 (~$0.0119)
2026-07-12 17:17:10 | INFO     | _run_graph_streaming:330 | [NODE-DONE] be20336e-9076-488a-9161-c35a814d630e -> await_supplier_replies | tokens so far: 2144 (~$0.0119)
2026-07-12 17:17:10 | INFO     | _run_graph_streaming:335 | [TOKEN-USAGE] be20336e-9076-488a-9161-c35a814d630e -> {'calls': 2, 'input_tokens': 1690, 'output_tokens': 454, 'cache_read_tokens': 0, 'cache_write_tokens': 0, 'total_tokens': 2144, 'cache_hit_rate': 0.0, 'cost_usd': 0.01188}
2026-07-12 17:25:48 | INFO     | run_workflow:133 | 
[RUN-WORKFLOW-START] Session: 8f429deb-8e96-4f5b-ac24-9556b0c56610
2026-07-12 17:25:48 | INFO     | run_workflow:134 | [USER-INPUT] Buy 10 Dell Latitude laptops...
2026-07-12 17:25:48 | INFO     | run_workflow:181 | [SESSION-MODE] NEW | Thread: 82b0628b-a8b8-4289-bc32-8d9e9d8e5e87
2026-07-12 17:25:52 | INFO     | _run_graph_streaming:330 | [NODE-DONE] 8f429deb-8e96-4f5b-ac24-9556b0c56610 -> parse_request | tokens so far: 290 (~$0.0195)
2026-07-12 17:25:52 | INFO     | _run_graph_streaming:330 | [NODE-DONE] 8f429deb-8e96-4f5b-ac24-9556b0c56610 -> create_rfq_record | tokens so far: 290 (~$0.0195)
2026-07-12 17:25:57 | INFO     | _run_graph_streaming:330 | [NODE-DONE] 8f429deb-8e96-4f5b-ac24-9556b0c56610 -> select_vendors | tokens so far: 290 (~$0.0195)
2026-07-12 17:26:06 | INFO     | _run_graph_streaming:330 | [NODE-DONE] 8f429deb-8e96-4f5b-ac24-9556b0c56610 -> generate_rfq_emails | tokens so far: 1246 (~$0.0295)
2026-07-12 17:26:10 | INFO     | _run_graph_streaming:330 | [NODE-DONE] 8f429deb-8e96-4f5b-ac24-9556b0c56610 -> send_rfq_emails | tokens so far: 1246 (~$0.0295)
2026-07-12 17:26:10 | INFO     | _run_graph_streaming:330 | [NODE-DONE] 8f429deb-8e96-4f5b-ac24-9556b0c56610 -> await_supplier_replies | tokens so far: 1246 (~$0.0295)
2026-07-12 17:26:10 | INFO     | _run_graph_streaming:335 | [TOKEN-USAGE] 8f429deb-8e96-4f5b-ac24-9556b0c56610 -> {'calls': 2, 'input_tokens': 384, 'output_tokens': 862, 'cache_read_tokens': 0, 'cache_write_tokens': 4114, 'total_tokens': 1246, 'cache_hit_rate': 0.0, 'cost_usd': 0.02951}
2026-07-12 17:27:00 | INFO     | _run_graph_streaming:330 | [NODE-DONE] 8f429deb-8e96-4f5b-ac24-9556b0c56610 -> ocr_extract | tokens so far: 2292 (~$0.0138)
2026-07-12 17:27:00 | INFO     | _run_graph_streaming:330 | [NODE-DONE] 8f429deb-8e96-4f5b-ac24-9556b0c56610 -> await_supplier_replies | tokens so far: 2292 (~$0.0138)
2026-07-12 17:27:00 | INFO     | _run_graph_streaming:335 | [TOKEN-USAGE] 8f429deb-8e96-4f5b-ac24-9556b0c56610 -> {'calls': 2, 'input_tokens': 1712, 'output_tokens': 580, 'cache_read_tokens': 0, 'cache_write_tokens': 0, 'total_tokens': 2292, 'cache_hit_rate': 0.0, 'cost_usd': 0.013836}
2026-07-12 17:28:07 | INFO     | _run_graph_streaming:330 | [NODE-DONE] 8f429deb-8e96-4f5b-ac24-9556b0c56610 -> ocr_extract | tokens so far: 3613 (~$0.0233)
2026-07-12 17:28:07 | INFO     | _run_graph_streaming:335 | [TOKEN-USAGE] 8f429deb-8e96-4f5b-ac24-9556b0c56610 -> {'calls': 3, 'input_tokens': 2572, 'output_tokens': 1041, 'cache_read_tokens': 0, 'cache_write_tokens': 0, 'total_tokens': 3613, 'cache_hit_rate': 0.0, 'cost_usd': 0.023331}
2026-07-12 17:29:03 | INFO     | _run_graph_streaming:330 | [NODE-DONE] 8f429deb-8e96-4f5b-ac24-9556b0c56610 -> user_decision_gate | tokens so far: 0 (~$0.0000)
2026-07-12 17:29:13 | INFO     | _run_graph_streaming:330 | [NODE-DONE] 8f429deb-8e96-4f5b-ac24-9556b0c56610 -> negotiate_with_suppliers | tokens so far: 531 (~$0.0042)
2026-07-12 17:29:13 | INFO     | _run_graph_streaming:330 | [NODE-DONE] 8f429deb-8e96-4f5b-ac24-9556b0c56610 -> await_supplier_replies | tokens so far: 531 (~$0.0042)
2026-07-12 17:29:13 | INFO     | _run_graph_streaming:335 | [TOKEN-USAGE] 8f429deb-8e96-4f5b-ac24-9556b0c56610 -> {'calls': 1, 'input_tokens': 313, 'output_tokens': 218, 'cache_read_tokens': 0, 'cache_write_tokens': 0, 'total_tokens': 531, 'cache_hit_rate': 0.0, 'cost_usd': 0.004209}
2026-07-12 17:30:05 | INFO     | _run_graph_streaming:330 | [NODE-DONE] 8f429deb-8e96-4f5b-ac24-9556b0c56610 -> ocr_extract | tokens so far: 2149 (~$0.0120)
2026-07-12 17:30:05 | INFO     | _run_graph_streaming:330 | [NODE-DONE] 8f429deb-8e96-4f5b-ac24-9556b0c56610 -> await_supplier_replies | tokens so far: 2149 (~$0.0120)
2026-07-12 17:30:05 | INFO     | _run_graph_streaming:335 | [TOKEN-USAGE] 8f429deb-8e96-4f5b-ac24-9556b0c56610 -> {'calls': 2, 'input_tokens': 1690, 'output_tokens': 459, 'cache_read_tokens': 0, 'cache_write_tokens': 0, 'total_tokens': 2149, 'cache_hit_rate': 0.0, 'cost_usd': 0.011955}
2026-07-12 17:42:47 | INFO     | run_workflow:133 | 
[RUN-WORKFLOW-START] Session: 763f78d7-45fb-46d8-9d1b-52427d882f97
2026-07-12 17:42:47 | INFO     | run_workflow:134 | [USER-INPUT] Buy 10 Dell Latitude laptops...
2026-07-12 17:42:48 | INFO     | run_workflow:181 | [SESSION-MODE] NEW | Thread: 7ab45c2a-8750-4c43-a88a-7fda0be3cc81
2026-07-12 17:42:51 | INFO     | _run_graph_streaming:330 | [NODE-DONE] 763f78d7-45fb-46d8-9d1b-52427d882f97 -> parse_request | tokens so far: 290 (~$0.0195)
2026-07-12 17:42:51 | INFO     | _run_graph_streaming:330 | [NODE-DONE] 763f78d7-45fb-46d8-9d1b-52427d882f97 -> create_rfq_record | tokens so far: 290 (~$0.0195)
2026-07-12 17:43:00 | INFO     | _run_graph_streaming:330 | [NODE-DONE] 763f78d7-45fb-46d8-9d1b-52427d882f97 -> select_vendors | tokens so far: 290 (~$0.0195)
2026-07-12 17:43:08 | INFO     | _run_graph_streaming:330 | [NODE-DONE] 763f78d7-45fb-46d8-9d1b-52427d882f97 -> generate_rfq_emails | tokens so far: 1252 (~$0.0296)
2026-07-12 17:43:12 | INFO     | _run_graph_streaming:330 | [NODE-DONE] 763f78d7-45fb-46d8-9d1b-52427d882f97 -> send_rfq_emails | tokens so far: 1252 (~$0.0296)
2026-07-12 17:43:12 | INFO     | _run_graph_streaming:330 | [NODE-DONE] 763f78d7-45fb-46d8-9d1b-52427d882f97 -> await_supplier_replies | tokens so far: 1252 (~$0.0296)
2026-07-12 17:43:12 | INFO     | _run_graph_streaming:335 | [TOKEN-USAGE] 763f78d7-45fb-46d8-9d1b-52427d882f97 -> {'calls': 2, 'input_tokens': 384, 'output_tokens': 868, 'cache_read_tokens': 0, 'cache_write_tokens': 4114, 'total_tokens': 1252, 'cache_hit_rate': 0.0, 'cost_usd': 0.0296}
2026-07-12 17:44:15 | INFO     | _run_graph_streaming:330 | [NODE-DONE] 763f78d7-45fb-46d8-9d1b-52427d882f97 -> ocr_extract | tokens so far: 0 (~$0.0000)
2026-07-12 17:44:15 | INFO     | _run_graph_streaming:330 | [NODE-DONE] 763f78d7-45fb-46d8-9d1b-52427d882f97 -> await_supplier_replies | tokens so far: 0 (~$0.0000)
2026-07-12 17:44:16 | INFO     | _run_graph_streaming:335 | [TOKEN-USAGE] 763f78d7-45fb-46d8-9d1b-52427d882f97 -> {'calls': 0, 'input_tokens': 0, 'output_tokens': 0, 'cache_read_tokens': 0, 'cache_write_tokens': 0, 'total_tokens': 0, 'cache_hit_rate': 0.0, 'cost_usd': 0}
2026-07-12 17:45:36 | INFO     | run_workflow:133 | 
[RUN-WORKFLOW-START] Session: ce10d31c-0c02-4bc8-8ea6-68ab33a46c91
2026-07-12 17:45:36 | INFO     | run_workflow:134 | [USER-INPUT] Buy 10 Dell Latitude laptops...
2026-07-12 17:45:36 | INFO     | run_workflow:181 | [SESSION-MODE] NEW | Thread: 2d0e28fb-acb2-404c-9af1-3bd293bc3b27
2026-07-12 17:45:39 | INFO     | _run_graph_streaming:330 | [NODE-DONE] ce10d31c-0c02-4bc8-8ea6-68ab33a46c91 -> parse_request | tokens so far: 290 (~$0.0053)
2026-07-12 17:45:39 | INFO     | _run_graph_streaming:330 | [NODE-DONE] ce10d31c-0c02-4bc8-8ea6-68ab33a46c91 -> create_rfq_record | tokens so far: 290 (~$0.0053)
2026-07-12 17:45:39 | INFO     | _run_graph_streaming:330 | [NODE-DONE] ce10d31c-0c02-4bc8-8ea6-68ab33a46c91 -> select_vendors | tokens so far: 290 (~$0.0053)
2026-07-12 17:45:46 | INFO     | _run_graph_streaming:330 | [NODE-DONE] ce10d31c-0c02-4bc8-8ea6-68ab33a46c91 -> generate_rfq_emails | tokens so far: 1145 (~$0.0138)
2026-07-12 17:45:50 | INFO     | _run_graph_streaming:330 | [NODE-DONE] ce10d31c-0c02-4bc8-8ea6-68ab33a46c91 -> send_rfq_emails | tokens so far: 1145 (~$0.0138)
2026-07-12 17:45:50 | INFO     | _run_graph_streaming:330 | [NODE-DONE] ce10d31c-0c02-4bc8-8ea6-68ab33a46c91 -> await_supplier_replies | tokens so far: 1145 (~$0.0138)
2026-07-12 17:45:50 | INFO     | _run_graph_streaming:335 | [TOKEN-USAGE] ce10d31c-0c02-4bc8-8ea6-68ab33a46c91 -> {'calls': 2, 'input_tokens': 384, 'output_tokens': 761, 'cache_read_tokens': 4114, 'cache_write_tokens': 0, 'total_tokens': 1145, 'cache_hit_rate': 0.915, 'cost_usd': 0.013801}
2026-07-12 17:47:10 | INFO     | _run_graph_streaming:330 | [NODE-DONE] ce10d31c-0c02-4bc8-8ea6-68ab33a46c91 -> ocr_extract | tokens so far: 2342 (~$0.0146)
2026-07-12 17:47:10 | INFO     | _run_graph_streaming:330 | [NODE-DONE] ce10d31c-0c02-4bc8-8ea6-68ab33a46c91 -> await_supplier_replies | tokens so far: 2342 (~$0.0146)
2026-07-12 17:47:10 | INFO     | _run_graph_streaming:335 | [TOKEN-USAGE] ce10d31c-0c02-4bc8-8ea6-68ab33a46c91 -> {'calls': 2, 'input_tokens': 1712, 'output_tokens': 630, 'cache_read_tokens': 0, 'cache_write_tokens': 0, 'total_tokens': 2342, 'cache_hit_rate': 0.0, 'cost_usd': 0.014586}
2026-07-12 17:49:13 | INFO     | _run_graph_streaming:330 | [NODE-DONE] ce10d31c-0c02-4bc8-8ea6-68ab33a46c91 -> ocr_extract | tokens so far: 3537 (~$0.0222)
2026-07-12 17:49:14 | INFO     | _run_graph_streaming:335 | [TOKEN-USAGE] ce10d31c-0c02-4bc8-8ea6-68ab33a46c91 -> {'calls': 3, 'input_tokens': 2572, 'output_tokens': 965, 'cache_read_tokens': 0, 'cache_write_tokens': 0, 'total_tokens': 3537, 'cache_hit_rate': 0.0, 'cost_usd': 0.022191}
2026-07-12 17:49:25 | INFO     | _run_graph_streaming:330 | [NODE-DONE] ce10d31c-0c02-4bc8-8ea6-68ab33a46c91 -> user_decision_gate | tokens so far: 0 (~$0.0000)
2026-07-12 17:49:37 | INFO     | _run_graph_streaming:330 | [NODE-DONE] ce10d31c-0c02-4bc8-8ea6-68ab33a46c91 -> negotiate_with_suppliers | tokens so far: 531 (~$0.0042)
2026-07-12 17:49:37 | INFO     | _run_graph_streaming:330 | [NODE-DONE] ce10d31c-0c02-4bc8-8ea6-68ab33a46c91 -> await_supplier_replies | tokens so far: 531 (~$0.0042)
2026-07-12 17:49:38 | INFO     | _run_graph_streaming:335 | [TOKEN-USAGE] ce10d31c-0c02-4bc8-8ea6-68ab33a46c91 -> {'calls': 1, 'input_tokens': 313, 'output_tokens': 218, 'cache_read_tokens': 0, 'cache_write_tokens': 0, 'total_tokens': 531, 'cache_hit_rate': 0.0, 'cost_usd': 0.004209}
2026-07-12 17:50:28 | INFO     | _run_graph_streaming:330 | [NODE-DONE] ce10d31c-0c02-4bc8-8ea6-68ab33a46c91 -> ocr_extract | tokens so far: 2275 (~$0.0136)
2026-07-12 17:50:29 | INFO     | _run_graph_streaming:330 | [NODE-DONE] ce10d31c-0c02-4bc8-8ea6-68ab33a46c91 -> await_supplier_replies | tokens so far: 2275 (~$0.0136)
2026-07-12 17:50:29 | INFO     | _run_graph_streaming:335 | [TOKEN-USAGE] ce10d31c-0c02-4bc8-8ea6-68ab33a46c91 -> {'calls': 2, 'input_tokens': 1712, 'output_tokens': 563, 'cache_read_tokens': 0, 'cache_write_tokens': 0, 'total_tokens': 2275, 'cache_hit_rate': 0.0, 'cost_usd': 0.013581}
2026-07-12 17:51:38 | INFO     | _run_graph_streaming:330 | [NODE-DONE] ce10d31c-0c02-4bc8-8ea6-68ab33a46c91 -> ocr_extract | tokens so far: 3808 (~$0.0309)
2026-07-12 17:51:38 | INFO     | _run_graph_streaming:335 | [TOKEN-USAGE] ce10d31c-0c02-4bc8-8ea6-68ab33a46c91 -> {'calls': 3, 'input_tokens': 2186, 'output_tokens': 1622, 'cache_read_tokens': 0, 'cache_write_tokens': 0, 'total_tokens': 3808, 'cache_hit_rate': 0.0, 'cost_usd': 0.030888}
2026-07-12 17:51:48 | INFO     | _run_graph_streaming:330 | [NODE-DONE] ce10d31c-0c02-4bc8-8ea6-68ab33a46c91 -> user_decision_gate | tokens so far: 0 (~$0.0000)
2026-07-12 17:51:48 | INFO     | _run_graph_streaming:330 | [NODE-DONE] ce10d31c-0c02-4bc8-8ea6-68ab33a46c91 -> generate_purchase_order | tokens so far: 0 (~$0.0000)
2026-07-12 17:51:59 | INFO     | _run_graph_streaming:330 | [NODE-DONE] ce10d31c-0c02-4bc8-8ea6-68ab33a46c91 -> send_po_email | tokens so far: 303 (~$0.0020)
2026-07-12 17:52:00 | INFO     | _run_graph_streaming:335 | [TOKEN-USAGE] ce10d31c-0c02-4bc8-8ea6-68ab33a46c91 -> {'calls': 1, 'input_tokens': 214, 'output_tokens': 89, 'cache_read_tokens': 0, 'cache_write_tokens': 0, 'total_tokens': 303, 'cache_hit_rate': 0.0, 'cost_usd': 0.001977}
